1,0.27369,0.043516,0.5,0.23077,0.375,0.10995,0,0,0,1,0.5,0.05,0.01212,1
0,0.28106,0.00026581,0.5,0.53846,0.375,0.011446,0,0,0,0,0.5,0.08,0,1
0,0.36734,0.0066451,0,0.23077,0.375,0.0086715,0,0,0,1,0.5,0.14,0,1
0,0.26857,0.0043668,0,0.30769,0.25,0,1,1,0.16418,1,0.5,0,0,2
1,0.24984,0.031023,0.5,0.38462,0.375,0.013597,1,1,0.20896,0,0.5,0.03,0.00158,2
0,0.19565,0.022214,0.5,0.53846,0.875,0.0010406,1,1,0.029851,0,0.5,0.05,0,2
1,0.21551,0.0024682,0.5,0.15385,0.375,0.0086715,0,0,0,0,0.5,0.03,0.001,1
0,0.73055,0.016936,0.5,0.76923,0.875,0.021089,1,1,0.089552,0,0.5,0.0215,0.0056,2
1,0.34549,3.7972e-05,0,0.076923,0.875,0.00020812,0,0,0,0,0.5,0.088,0.00537,1
0,0.69409,0.026884,0.5,0.23077,0.875,0.046826,1,1,0.044776,1,0.5,0.05,0.0005,1
1,0.03983,0.0066451,0.5,1,0.875,0.0031217,1,1,0.059701,1,0.5,0.1265,0.00857,2
1,0.51517,0.00018986,0.5,0.76923,0.875,0.00034686,1,1,0.089552,1,0.5,0.235,0,2
1,0.25609,0.0047465,0,0.53846,0.875,0.095387,1,1,0.044776,1,0.5,0.07,0.0021,1
1,0.43401,0.00018986,0.5,1,0.875,0.0052029,1,1,0.089552,1,0.5,0,0.01,2
1,0.72943,0.01029,0.5,0.53846,0.375,0.16753,0,0,0,1,0.5,0.16,0,1
1,0.59833,0.022935,0.5,0.23077,0.375,0.00027749,0,0,0,0,0.5,0,0.0269,2
1,0.36734,0.0017088,0.5,0.61538,0.375,0.0052029,1,1,0.029851,1,0.5,0.165,0,2
0,0.23424,0.00034175,0.5,0.38462,0.375,0.0052029,1,1,0.029851,0,0.5,0.044,0.00591,2
1,0.00049944,0.0047465,0,0.23077,0.375,0.0086715,0,0,0,0,0.5,0.07,4e-05,1
0,0.27794,0.21511,0.5,0.76923,0.375,0.17933,1,1,0.10448,0,0.5,0.0645,0.03257,2
0,0.34973,0.022214,0.5,0.38462,0.375,0.00027749,0,0,0,0,0.5,0.13,0.01004,1
0,0.23736,0.022214,0,0.38462,0.375,0.040583,1,0,0,1,0.5,0.08,0,1
1,0.51717,0.0066451,0.5,0.23077,0.375,0.0014568,1,0,0,0,0.5,0.08,0,1
1,0.02235,0.36396,0.5,0.38462,0.375,0.0054804,0,0,0,0,0.5,0.04,0.0035,1
1,0.40692,0.00056958,0.5,0.92308,0.875,0.0038155,1,1,0.044776,1,0.5,0,0,2
1,0.026096,0.0047465,0,0.23077,0.375,0.0086715,0,0,0,0,0.5,0.1,0.0007,1
1,0.41216,0.011544,0,0.53846,0.875,0.014152,1,1,0.014925,1,0.5,0.09,0.18027,2
0,0.38095,0.00045567,0.5,0.53846,0.375,0.00013874,1,1,0.014925,0,0.5,0.11,0.00019,2
1,0.28618,0.00094931,0.5,0.53846,0.375,0.075269,1,1,0.16418,1,0.5,0.03,0.02184,2
1,0.0013735,0.0028479,0.5,0.53846,0.875,0.029483,1,1,0.044776,1,0.5,0.156,0.0015,2
0,0.25297,0.0039871,0,1,0.875,0,0,0,0,1,0.5,0.077,0.00032,1
1,0.65139,0.052212,0,0.53846,0.875,0.065626,1,0,0,1,0.5,0.1,0.001,1
1,0.28618,0.0043668,0.5,0.61538,0.875,0.14742,1,1,0.16418,1,0.5,0.145,0.00284,2
1,0.53278,0.0047465,0.5,0.46154,0.375,0.96254,0,1,0.014925,1,0.5,0.176,0.00112,1
1,0.93233,0.00072147,0,0,0,0.00027749,0,1,0.029851,0,0.5,0,0.00351,1
1,0.0011237,0.0047465,0.5,0.38462,0.375,0.00020812,1,0,0,1,0,0.01,0,2
1,0.4922,0.52838,0.5,0.61538,0.375,0.59834,1,1,0.089552,1,0.5,0.035,0,2
0,0.59421,0.00030378,0.5,0.53846,0.375,0.54631,1,1,0.089552,1,0.5,0,0.0126,2
0,0.59009,0.00011392,0.5,1,0.375,0.96254,1,1,0.029851,1,0.5,0.2595,0.01704,2
1,0.2873,0,0.5,0.92308,0.375,0.0058966,1,0,0,0,0.5,0,0,2
1,0.27994,0.00056958,0,0.38462,0.375,0.0037461,0,0,0,1,0.5,0.06,0.00067,1
1,0.332,0.042719,0.5,1,0.875,0.0086715,1,0,0,0,0.5,0,0.05298,2
1,0.78874,0.0020505,0.5,0.53846,0.375,0.040583,1,1,0.044776,1,0.5,0.09,0,1
1,0.29454,0.015758,0,0.53846,0.375,0.00027749,0,1,0.029851,0,0.5,0.064,6e-05,1
0,0.25709,0.038922,0.5,0.76923,0.375,0.0049254,1,1,0.029851,1,0.5,0.0245,0,2
0,0.028593,0.0066451,0,0.53846,0.375,0.011446,0,0,0,0,0.5,0.066,0,1
1,0.1999,0.00015189,0.5,0.53846,0.375,0.00027749,0,0,0,0,0.5,0,0,2
0,0.034836,7.5945e-05,0,0.69231,0.875,0.00013874,0,0,0,0,0.5,0.128,0.00017,1
0,0.65764,0.00056958,0.5,0.53846,0.375,0.0038155,1,1,0.20896,0,0.5,0,0.022,2
1,0.40167,0.001329,0.5,0.23077,0.375,0.00034686,0,0,0,1,0.5,0.116,0,1
1,0.26121,0.15664,0,0.15385,0.875,0.00027749,0,0,0,0,0.5,0.07,0.001,1
1,0.34973,0.0047465,0,0.23077,0.375,0.0058966,0,0,0,0,0.5,0.108,0.021,1
1,0.00037458,0.0066451,0,0.53846,0.375,0.16198,0,0,0,1,0.5,0.056,6e-05,1
1,0.34236,0.012341,0,0.76923,0.875,0.35276,0,1,0.029851,1,0.5,0.1845,1e-05,1
1,0.34549,0.00056958,0.5,0.61538,0.375,0.00013874,1,1,0.16418,1,0.5,0.217,0.00035,2
1,0.0029966,0.0024682,0.5,0.38462,0.5,0.002428,1,1,0.014925,0,0.5,0,0.005,2
0,0.4641,0.00094931,0.5,0.15385,0.875,0.0014568,0,0,0,0,0.5,0.13,0.00246,1
1,0.051068,0.18663,0,0.61538,0.375,0.21956,1,0,0,1,0.5,0.026,0.01442,2
1,0.53702,0.00018986,0.5,0.15385,0.5,0.015609,0,0,0,1,0.5,0.0705,0,1
0,0.29454,0.002696,0.5,0.61538,0.375,0.0017343,0,1,0.014925,1,0.5,0.12,4e-05,1
1,0.021101,7.5945e-05,0.5,0.15385,0.375,0.0010406,1,1,0.029851,0,0.5,0.06,0.003,2
0,0.5078,0.001329,0.5,0.15385,0.5,0.00034686,0,0,0,0,0,0.58,0,1
0,0.028593,0.00018986,0.5,0.76923,0.875,0.0010406,1,0,0,0,0.5,0.14,0.00824,2
1,0.0032463,0.037175,0.5,1,0.875,0.05522,1,1,0.1194,0,0.5,0,0,2
0,0.02235,0.0062654,0.5,0.76923,0.375,0.00027749,0,0,0,1,0.5,0.19,0,1
1,0.024847,0.0043668,0.5,0.15385,0.375,0.00034686,1,0,0,1,0.5,0.05,0.00068,1
1,0.38819,0.10765,0.5,0,0,0,0,1,0.074627,0,0.5,0.088,0.00146,1
1,0.33824,0.060186,0.5,0.92308,0.875,0.1273,1,1,0.1791,1,0.5,0.2915,0.00713,2
1,0.60669,1,0,0,0,0,1,0,0,1,0.5,0,0,1
0,0.37782,0.052212,0.5,0.61538,0.875,0.00027749,0,1,0.044776,0,0.5,0,0.00033,1
1,0.36534,0.0047465,0.5,0.61538,0.375,0.01214,0,0,0,0,0.5,0.1,0,1
1,0.35073,0.019138,0,0.53846,0.5,0.0010406,1,1,0.1194,1,0.5,0.072,7e-05,2
1,0.50056,0.008164,0.5,0.69231,1,0.0013874,1,1,0.16418,0,0.5,0,0.012,2
1,0.043576,0.016138,0.5,0.76923,0.375,0.002428,0,0,0,0,0.5,0.227,0.0005,1
1,0.31739,0.012721,0.5,0.23077,0.875,0.002428,0,0,0,1,0.5,0.17,0,1
1,0.37046,0.001329,0.5,0.53846,0.375,0.011446,0,0,0,0,0.5,0.108,0,1
1,0.28618,0,0.5,0.23077,0.375,6.9372e-05,0,1,0.16418,0,0,0,0,1
0,0.39968,0.005544,0.5,0.61538,0.375,0.075269,1,1,0.23881,0,0.5,0.06,0.02079,2
1,0.31227,0.001329,0.5,0.92308,0.375,0.043358,1,1,0.10448,0,0.5,0,0.07059,2
0,0.43713,0.01424,0.5,0,0,0,0,1,0.089552,0,0.5,0,0.002,1
0,0.22999,0.00037972,0.5,0.076923,0.375,0.028789,0,0,0,0,0.5,0.04,0.00042,1
1,0.49644,0.00018986,0.5,0.15385,0.5,0.0014568,0,0,0,0,0.5,0.275,0,1
1,0.29042,3.7972e-05,0.5,0.53846,0.375,0.00034686,0,0,0,1,0,0.14,0,1
1,0.46722,0,0.5,0.53846,0.375,0,0,0,0,0,1,0.092,0,2
0,0.30703,0.51889,0.5,0.76923,0.875,0.0010406,0,0,0,0,0.5,0.14,1e-05,1
0,0.0038706,0.00049364,0.5,0.15385,0.5,0.35831,1,1,0.13433,1,0.5,0,0,2
1,0.42465,0.019935,0.5,0.61538,0.375,0.0058966,0,0,0,1,0.5,0.145,6e-05,2
1,0.27482,0.022214,0,0,0,0,0,0,0,0,0.5,0.05,0,1
1,0.34449,0.0048984,0.5,0.23077,0.875,0.0017343,0,0,0,1,0,0.07,0,1
1,0.53178,0.15512,0.5,0.38462,0.375,0.00027749,0,0,0,0,0.5,0.054,0.001,1
1,0.35597,0.005506,0.5,0.076923,0.375,0.0086715,0,0,0,0,0.5,0,0.00286,1
1,0.45062,0.00018986,0.5,0.53846,0.5,0.0017343,1,1,0.089552,0,0.5,0,0.00367,2
1,0.26333,0.00056958,0.5,0.61538,0.375,0.0010406,0,0,0,0,0.5,0.075,8e-05,2
0,0.48396,0.063224,0.5,0.38462,0.375,0.0017343,0,0,0,0,0.5,0,0.0039,1
1,0.39543,0.00015189,0,0.46154,0.375,0.00027749,0,0,0,0,0.5,0,0,1
0,0.21438,0.0036074,0.5,0.38462,0.375,0.01214,0,1,0.14925,1,0.5,0,0.0001,1
0,0.25297,0.031707,0.5,0.76923,0.375,0.10995,1,1,0.014925,0,0.5,0,0,2
0,0.48595,0.00015189,0.5,0.53846,0.375,0.00020812,0,0,0,0,0.5,0.24,0,1
1,0.48083,0.00079742,0.5,0.23077,0.375,0.0058966,1,0,0,1,0.5,0.14,0,2
1,0.34349,0.052212,0.5,0.61538,0.375,0.039889,1,0,0,1,0.5,0.2435,0.005,2
1,0.34449,0.022214,0,0.92308,0.375,0.0017343,1,1,0.029851,0,0.5,0.13,0.005,2
1,0.00037458,0,0,0,0,0,0,1,0.059701,0,0.5,0.0225,1e-05,1
0,0.0011237,0.033226,0.5,1,0.875,0.0072147,1,0,0,1,0.5,0.08,0.0586,2
1,0.34349,7.5945e-05,0.5,1,0.875,6.9372e-05,1,1,0.059701,0,0.5,0.07,0.07544,2
1,0.27581,0.00034175,0.5,0.38462,0.375,0.0058966,0,0,0,0,0.5,0,0,1
0,0.62018,0.51585,0.5,0.23077,0.875,0.0058966,1,0,0,1,0.5,0,0,2
1,0.47559,0.38447,0,0.23077,0.375,0.0086715,0,0,0,0,0.5,0.08,0,1
1,0.58896,0.0024682,0.5,0.53846,0.375,6.9372e-05,0,0,0,1,0.5,0,0.00228,1
1,0.34549,0.00015189,0,0.15385,0.875,0.039889,1,1,0.029851,1,0.5,0.0375,0,1
0,0.44438,0.034745,0.5,0.38462,0.375,0.0052029,1,1,0.059701,0,0.5,0,0.01583,2
1,0.41728,0.00094931,0.5,0.15385,0.5,0.00027749,0,0,0,1,0,0.21,0,1
1,0.42352,0.00030378,0,0.46154,0.5,0.00027749,1,1,0.014925,1,0.5,0.14,0.02,2
0,0.25709,0.39244,0.5,0.92308,0.875,0.02324,1,1,0.014925,1,0.5,0.04,0.0005,2
1,0.41216,3.7972e-05,0.5,1,0.375,0.0052029,1,1,0.10448,1,0.5,0.17,0.04071,2
1,0.28206,0.0004177,0.5,0.76923,0.375,0.0017343,1,1,0.10448,1,0.5,0.05,0.00809,2
1,0.60669,0.0032276,0.5,0.53846,0.875,0.0086715,1,1,0.13433,0,0.5,0.0905,0.01655,2
1,0.50468,0.00018986,0.5,0.53846,0.375,0.00034686,1,1,0.10448,0,0.5,0,0.03065,2
1,0.25609,0.031707,0,0.53846,0.375,0.00013874,0,0,0,1,0,0.12,0,1
0,0.48183,0.00056958,0.5,0,0,0,0,0,0,0,0.5,0.038,0,1
0,0.7107,0.0074046,0.5,0.53846,0.375,0.0038155,1,1,0.10448,0,0.5,0,0.03,2
0,0.38819,0.01424,0.5,0.92308,0.875,0.043358,1,1,0.13433,1,0.5,0.0905,0,2
1,0.00074916,0.0029998,0.5,0.61538,0.375,0.0020118,0,1,0.014925,0,0.5,0.21,0.00283,1
0,0.72631,0.00037972,0.5,0.76923,0.375,0.00027749,1,1,0.20896,0,0.5,0,0.01602,2
1,0.3591,0.01424,0.5,0.53846,0.375,0.0020118,0,0,0,0,0.5,0.11,0.0014,1
0,0.0037458,0.00015189,0.5,0.30769,0.25,0,1,0,0,0,0.5,0.05,0.0096,2
1,0.0006243,0.00011392,0,0.076923,0.375,0.075269,1,1,0.1194,1,0.5,0.08,1e-05,2
0,0.30703,0.0047465,0.5,0.38462,0.375,0.0010406,1,1,0.1791,1,0.5,0.06,0.00567,2
0,0.25808,0.00018986,0,0.69231,0.125,6.9372e-05,0,0,0,0,0.5,0.13,0,1
1,0.30491,0.0051263,0,0,0,0,0,0,0,0,0.5,0.092,0,1
0,0.03109,0.01029,0,0.53846,0.375,0.0058966,0,0,0,0,0,0.04,0,1
1,0.50893,0.031707,0.5,0,0,0,1,0,0,0,0.5,0.065,1e-05,1
0,0.47659,0.16765,0.5,0.53846,0.375,0.0086715,0,0,0,0,0.5,0.08,0,1
1,0.24248,0.022214,0.5,0,0,0,0,1,0.044776,0,0.5,0.175,0.00769,1
1,0.48808,0.0036074,0.5,0.46154,0.375,0.0045092,1,1,0.20896,0,0.5,0.12,0.04607,2
1,0.31952,0.00018986,0.5,0.53846,0.375,0.010128,1,1,0.074627,1,0.5,0.156,0,2
0,0.57335,0.00011392,0.5,0.53846,0.375,0.16476,1,1,0.1194,1,0.5,0.198,0.04159,2
1,0.2436,0.00037972,0,0.23077,0.875,0.057926,1,0,0,1,0.5,0.07,0,1
1,0.23311,0.013442,0,0,0,0,0,0,0,1,0.5,0.09,1e-05,1
1,0.7981,0.00075945,0.5,1,0.875,0.01214,1,1,0.13433,1,0.5,0,0.01,2
0,0.018604,0.0047465,0.5,0.76923,0.375,0.0017343,0,1,0.014925,0,0.5,0.054,0.00098,1
0,0.85541,0.00056958,0.5,0.69231,1,0,1,1,0.20896,0,0.5,0,0.03376,2
1,0.9563,0.08464,0.5,0.69231,1,0.08845,1,1,0.014925,1,0.5,0,0.00109,2
0,0.59009,0.00030378,0.5,0.69231,0.5,0.0045092,1,1,0.089552,0,0.5,0.1875,0.511,2
1,0.2873,0,0.5,0.53846,0.375,0,0,0,0,0,1,0.092,0,2
1,0.56199,0.00056958,0.5,0.53846,0.375,0.0017343,1,0,0,1,0.5,0.07,0,1
1,0.18741,0.00026581,0.5,0.69231,0.375,6.9372e-05,0,0,0,0,0.5,0.3,0,1
1,0.23311,0.015758,0,0.53846,0.375,0.011446,0,1,0.014925,0,0.5,0.1,1e-05,1
1,0.063554,0.0024682,0.5,0.23077,0.375,0.043635,1,1,0.22388,0,0.5,0,0.11202,2
1,0.23736,0,0,0.46154,0.5,0,0,0,0,1,0,0.25,1e-05,2
1,0.00024972,0.0062654,0.5,0.76923,0.75,0.0014568,0,0,0,0,0.5,0.1,0.0004,2
1,0.044825,0.031707,0.5,0.69231,0.375,0.00027749,0,0,0,0,0.5,0.06,5e-05,1
1,0.28106,0.060186,0,0.61538,0.375,0.21401,1,1,0.089552,0,0.5,0.04,0,2
1,0.59521,0.15815,0.5,1,0.5,0.0058966,0,0,0,1,0.5,0.26,0,1
1,0.42352,0.00094931,0.5,0.53846,0.375,6.9372e-05,0,0,0,0,0.5,0.23,0.00016,1
0,0.41104,0.061705,0.5,0.076923,0.375,0.0037461,0,0,0,1,0.5,0,0,1
1,0.5359,0.01424,0,0.53846,0.375,0.026015,1,1,0.1194,1,0.5,0.15,0.00162,2
1,0.041079,0.015341,0,0.15385,0.5,0.0058966,1,1,0.10448,1,0.5,0.0975,0,2
1,0.53178,0.00011392,0.5,0.15385,0.5,6.9372e-05,1,0,0,0,0.5,0,0.002,1
1,0.22587,0.0062654,0.5,0.076923,0.375,0.0017343,0,0,0,1,0,0.14,0,1
1,0.28618,0.00094931,0.5,0,0,0.0058966,0,0,0,1,0.5,0.05,0.04208,1
0,0.026096,0.032125,0,1,0.375,0.017066,0,0,0,0,0.5,0.082,0,2
1,0.22175,0.0077843,0.5,0.38462,0.375,0.00027749,0,0,0,0,0.5,0.14,0.0075,1
0,0.34349,0.00056958,0.5,0.46154,0.375,0.00013874,1,0,0,0,0,0.184,0,1
0,0.23424,0.035124,0,0.53846,0.375,6.9372e-05,1,1,0.059701,1,0.5,0.04,0.005,2
1,0.28106,0.0028479,0.5,0.15385,0.375,0.10995,0,1,0.014925,1,0.5,0.2,9e-05,1
1,0.076039,0.048415,0,0.53846,0.875,0.00034686,1,0,0,0,0.5,0.056,0,1
0,0.027344,0.00034175,0.5,0.76923,0.375,0.0058966,1,1,0.074627,1,0.5,0.06,0,2
1,0.43813,0.12018,0.5,1,0.875,0.026015,1,0,0,1,0.5,0.34,0,1
0,0.70758,0.016138,0,0,0,0.00034686,0,0,0,1,0.5,0,4e-05,1
1,0.51205,0.015341,0.5,0.92308,0.875,0.00048561,1,1,0.1194,0,0.5,0.16,0,2
1,0.52453,0.019138,0.5,0.76923,0.875,0.08845,1,0,0,1,0.5,0.046,0,2
1,0.51205,0.0047465,0,0.61538,0.375,0.0017343,0,0,0,0,0.5,0,0.00195,1
0,0.4194,0.0028479,0.5,0.23077,0.5,6.9372e-05,1,1,0.044776,1,0.5,0.106,0,1
1,0.31852,0.0047465,0.5,0.92308,0.375,0.008394,1,1,1,1,0.5,0.07,0.00258,2
1,0.30179,0.25157,0,0.076923,0.375,0.0038155,1,0,0,1,0,0.05,0,2
1,0.38095,0.00094931,0.5,0.92308,0.875,0.015609,0,0,0,1,0,0.17,0,1
1,0.46211,0.00015189,0.5,0.53846,0.5,0.00034686,1,0,0,1,0,0.14,0,1
1,0.32576,0.0058477,0.5,0.61538,0.375,0.0086715,0,0,0,0,0.5,0.05,0,1
0,0.36946,0.025252,0.5,0.61538,0.375,0.0017343,0,0,0,1,0.5,0.15,0,1
0,0.00087402,0.069679,0.5,0.30769,0.25,0,0,1,0.014925,0,0.5,0.1,0.00053,1
1,0.21338,0.00011392,0.5,0.23077,0.375,0.00027749,0,0,0,1,0.5,0.08,0.0004,1
1,0.36322,0.056161,0.5,0.38462,0.375,0.034964,1,1,0.074627,1,0.5,0.084,0,2
0,0.35485,0.013442,0.5,0.15385,0.5,0.00034686,1,0,0,1,0.5,0.0855,0,1
1,0.29042,0.022214,0.5,0.53846,0.875,0.0058966,1,0,0,0,0.5,0.09,0,1
1,0.0011237,0.042719,0.5,0.53846,0.375,0.0017343,1,1,0.25373,0,0.5,0.1,0.01208,2
0,0.23211,0.0028479,0.5,0.76923,0.375,0.0188,1,1,0.074627,0,0.5,0.092,0.26726,2
1,0.21126,0.00094931,0.5,0.76923,0.375,0.02324,0,1,0.059701,0,0.5,0.08,8e-05,1
0,0.19878,0.012721,0.5,0,0,0,0,1,0.014925,0,0.5,0.08,0.00126,1
1,0.40904,0.00094931,0.5,0.38462,0.375,0.01214,0,1,0.029851,1,0.5,0.36,0,1
0,0.25184,0.00037972,0.5,0.53846,0.875,6.9372e-05,1,1,0.059701,0,0.5,0.025,0.01465,2
0,0.26957,0.0066451,0,0.30769,0.25,0,0,0,0,0,0.5,0.08,0,1
1,0.41216,0.0039491,0.5,0.84615,0.875,0.0045092,1,0,0,1,0.5,0.082,0.31285,2
0,0.31427,0.079172,0.5,0.53846,0.875,0.019077,1,0,0,1,0.5,0.18,1e-05,1
0,0.30703,0.00011392,0.5,0.76923,0.875,0.1273,1,1,0.28358,0,0.5,0,0.005,2
1,0.38294,0,0.5,0.61538,0.375,0.0086715,1,1,0.014925,0,0.5,0.101,0,2
1,0.25709,0.19309,0,0.30769,0.375,0.0020118,0,0,0,0,0.5,0.07,0.00184,1
0,0.50156,0.30852,0,0.23077,0.375,0.011446,0,1,0.029851,0,0.5,0.092,0.00018,1
1,0.36534,0.0047465,0.5,0.53846,0.875,0.0017343,0,1,0.029851,1,0.5,0.2,0.00108,1
1,0.50893,0.00018986,0,0.46154,0.375,0.00034686,0,0,0,1,0.5,0.065,0,1
0,0.034836,0.0017467,0.5,0.23077,0.375,0.0037461,1,1,0.059701,0,0.5,0.19,0.005,2
1,0.67749,0.00018986,0,0.23077,0.875,0.027471,1,0,0,0,0.5,0.09,0.00314,2
1,0.0022475,0.0020885,0,0.53846,0.375,0.0010406,0,0,0,1,0.5,0.03,0,1
1,0.0011237,0.00045567,0.5,0.23077,0.375,0.015609,1,1,0.029851,1,0.5,0.06,5e-05,1
0,0.32988,0.009645,0,0,0,0,0,0,0,1,0.5,0.09,0.0006,1
0,0.41104,0.17562,0.5,0.76923,0.875,0.11273,1,1,0.029851,0,0.5,0,0,2
1,0.4184,0.08221,0.5,0.53846,0.375,0.0010406,0,0,0,0,1,0.06,0,1
1,0.44962,0.0020885,0.5,0.15385,0.5,0.00034686,0,0,0,0,0.5,0.105,0.00687,1
1,0.02235,0.0011012,0.5,0.23077,0.375,0.0020118,0,0,0,0,0.5,0.14,0.00364,1
1,0.29979,0.033226,0.5,0.76923,0.375,0.32085,1,1,0.029851,1,0.5,0.26,0.02,2
0,0.036084,0.0024682,0.5,0.53846,0.5,0.00027749,1,1,0.10448,1,0.5,0,0.03065,2
1,0.00049944,0.00026581,0.5,0.53846,0.375,0.00034686,0,0,0,0,0.5,0,0,1
1,0.31427,0.0022024,0.5,0.53846,0.375,0.0020118,1,1,0.10448,1,0.5,0.048,0.05124,2
1,0.36734,0.018037,0.5,0.46154,0.375,0.00013874,0,1,0.014925,1,0.5,0.23,0.00068,1
1,0.53702,0.0085438,0.5,0.15385,0.5,0.0052029,1,0,0,0,0.5,0.28,0,1
1,0.35697,0.044238,0.5,0.23077,0.375,0.00034686,1,0,0,0,0,0.14,0,1
1,0.39218,0.00011392,0,0.15385,0.5,0.00048561,0,0,0,0,0.5,0,1e-05,1
1,0.25084,0.03782,0.5,0.69231,0.125,0,1,0,0,0,0.5,0,0,2
1,0.0036209,0.0032276,0.5,0.92308,0.875,0.00097121,1,1,0.014925,1,0.5,0.044,0.02,2
0,0.28306,0.0086957,0.5,0.76923,0.875,0.015886,1,1,0.10448,1,0.5,0.07,0.02384,2
0,0.25609,0.00011392,0.5,0.76923,0.375,0.011446,1,1,0.044776,0,0.5,0.05,6e-05,2
1,0.34549,0.00056958,0.5,0.61538,0.375,0.015609,0,1,0.014925,1,0.5,0.05,3e-05,1
1,0.50893,0.0085438,0,1,0.875,0.00069372,1,0,0,1,0.5,0.088,0,1
1,0.70246,0.0010632,0,0.53846,0.375,0.019771,1,1,0.59701,0,0.5,0,0.00015,2
0,0.7981,0.0062654,0.5,0,0,0,1,1,0.014925,0,0.5,0.116,0.001,2
0,0.27794,0.042719,0,1,0.875,0.0052029,1,1,0.059701,0,0.5,0,0.00321,2
0,0.30179,0.00094931,0,0.15385,0.5,0.0031217,0,0,0,0,0.5,0.1,0.00456,1
0,0.08478,0.00022783,0.5,0,0,0,0,0,0,0,0,0,0,1
1,0.44225,0.0028479,0.5,0.23077,0.375,0.0010406,0,0,0,1,0.5,0.1155,0,1
1,0.60145,0.00045567,0.5,0.46154,0.375,0.00111,1,0,0,0,0,0.055,0,2
0,0.34861,0.00056958,0,0.69231,1,0,1,0,0,0,0.5,0,0.13212,2
1,0.43713,0.00094931,0.5,0.23077,0.375,0.0031217,1,1,0.10448,0,0.5,0.075,0.0127,2
1,0.059808,0.28802,0.5,0.15385,0.5,0.52619,1,1,0.22388,1,0.5,0,0.05,2
1,1,0.0020885,0.5,0.53846,0.375,0.0037461,1,0,0,0,0.5,0,0.0034,1
1,0.36322,0.00049364,0.5,0.076923,0.875,0.00034686,0,0,0,0,0.5,0.114,0,1
0,0.20926,0.00018986,0.5,0.15385,0.375,0.011446,0,1,0.089552,1,0.5,0.12,0.00035,1
0,0,0.0062654,0.5,0.38462,0.375,6.9372e-05,0,1,0.029851,1,0.5,0.16,1e-05,1
1,0.74816,0.005506,0.5,0,0,0.0012487,1,1,0.22388,1,0.5,0,0.01,2
1,0.0014983,7.5945e-05,0.5,0.23077,0.875,0.28894,1,1,0.029851,1,0.5,0.0905,0,2
1,0.049819,0.0058477,0.5,0.15385,0.5,0.002428,0,0,0,0,0.5,0.108,0,2
1,0.29866,0.00034175,0.5,0.38462,0.375,0.0017343,0,0,0,1,0.5,0,0,1
1,0.028593,0.50636,0,0.38462,0.375,0.00027749,0,0,0,1,0.5,0.06,0.00475,1
1,0.43189,0.00056958,0.5,0.84615,0.75,0.37288,1,1,0.13433,1,0.5,0,0.00134,2
1,0.4184,0.0047465,0.5,0.61538,0.375,0.080819,0,0,0,0,0.5,0.06,0,1
0,0.5078,0.00037972,0.5,0.76923,0.875,0.01214,1,0,0,0,0.5,0.0145,0.00837,2
1,0.25297,0.069679,0.5,0.53846,0.375,0.015609,1,1,0.014925,0,0.5,0.05,0.0015,2
1,0.058559,0.016138,0.5,0.46154,0.375,0.0086715,1,0,0,1,0.5,0.1125,0,2
1,0.00087402,0.0028479,0.5,0.46154,0.375,0.00034686,0,0,0,1,0,0.16,0,1
1,0.0023723,0.12816,0.5,0.53846,0.875,0.05751,0,0,0,1,0.5,0,0,1
1,0.2019,0.010442,0.5,0.38462,0.375,0.046133,0,1,0.014925,0,0.5,0.04,0.00021,1
0,0.26957,0.044617,0.5,0.53846,0.375,0.0017343,0,0,0,1,0.5,0.09,0,1
0,0.31115,0.009645,0,0.38462,0.375,0.0017343,1,0,0,1,0.5,0.185,0,2
1,0.45162,0.080691,0,0.61538,0.375,0.0058966,1,1,0.014925,0,0.5,0.025,0.01187,2
0,0.35485,0.01424,0.5,0.53846,0.375,0.0017343,0,1,0.014925,1,0.5,0.02,0.00154,1
1,0.27482,0.46041,0.5,0.53846,0.375,0.23136,0,1,0.029851,1,0.5,0.09,0.00173,1
1,0.42465,0.0058477,0.5,0.92308,0.375,0.010683,1,1,0.014925,1,0.5,0.26,0.5,2
1,0.0023723,0.00094931,0.5,0.15385,0.375,6.9372e-05,0,0,0,1,0.5,0.105,0,1
1,0.35485,0.13765,0.5,0.38462,0.375,0.0017343,0,0,0,1,0.5,0.05,0,1
0,0.23736,0.20562,0.5,0.15385,0.875,0.0020118,0,0,0,0,0.5,0.04,0.00484,1
1,0.2883,3.7972e-05,0.5,0.53846,0.375,0.057926,1,0,0,0,0,0.15,0,2
1,0.018604,0.0047465,0.5,0.53846,0.375,0.011446,0,0,0,0,0.5,0.066,0,1
0,0.24872,0.0047465,0.5,0.76923,0.375,6.9372e-05,0,1,0.014925,0,0.5,0.12,0.00768,2
1,0.27681,0.0004177,0.5,0.61538,0.375,0.00013874,1,1,0.014925,0,0.5,0.04,0.00278,2
1,0.0022475,0.19309,0,0.15385,0.5,0.075269,0,0,0,1,0.5,0.24,0,1
0,0.7107,0.012721,0.5,0.15385,0.5,6.9372e-05,1,0,0,1,0.5,0.126,0.02197,1
1,0.2009,0.031707,0.5,0.46154,0.375,0.0058966,1,0,0,0,0,0.1,0,1
1,0.40792,0.00094931,0.5,0.92308,0.875,0.019077,1,1,0.089552,0,0.5,0.08,0.02072,2
1,0.60045,0.95253,0.5,0.61538,0.375,0.01214,1,1,0.044776,0,0.5,0.06,0.00014,2
1,0.42465,0.010442,0.5,0.15385,0.5,0.0017343,0,0,0,1,0.5,0.116,0.002,1
1,0.22687,0.0045946,0,0.69231,0.125,0,0,0,0,0,0.5,0.05,0,1
1,0.55051,0.00018986,0.5,0.46154,0.375,0.074575,1,0,0,0,0,0.2,0,1
1,0.48396,0.0066451,0.5,0.23077,0.375,0.00034686,0,0,0,1,0.5,0.15,2e-05,1
1,0.39231,0.0028479,0,0.38462,0.375,0.002428,0,0,0,1,0.5,0.16,0,1
1,0.31115,0.0064933,0.5,1,0.375,0.1155,1,1,0.014925,1,0.5,0.1975,0.0002,2
1,0.81483,0.0004177,0.5,0.69231,1,0.0013874,1,1,0.10448,1,0.5,0.011,0,2
1,0.51405,0,0.5,0.53846,0.5,0.0010406,1,0,0,0,0.5,0,0,2
1,0.38819,0.042719,0.5,0,0,0,0,1,0.014925,0,0.5,0.048,0.00019,1
0,0.45686,0.017885,0.5,0,0,0,0,0,0,0,0.5,0.08,0,1
1,0.40167,0.0028479,0.5,0.69231,0.5,0.10995,1,0,0,1,0,0.21,0,1
1,0.27169,0.0020505,0,1,0.375,0.00027749,1,1,0.014925,1,0.5,0.42,0.00059,2
1,0.42565,0.00011392,0.5,0.92308,0.875,0.51439,1,0,0,1,0.5,0,0,2
1,0.64515,0.00011392,0,0,0,0.0010406,0,0,0,0,0.5,0.09,4e-05,1
1,0.47771,0.02677,0.5,0.53846,0.375,0.026015,0,1,0.029851,0,0.5,0.1125,0.005,1
1,0.48708,0.0064933,0.5,1,0.375,0.0086715,1,1,0.074627,1,0.5,0.24,0,2
1,0.22487,0.0093412,0.5,0.53846,0.75,0.0066597,0,1,0.029851,1,0.5,0.08,0.00587,1
1,0.0028718,0.00018986,0.5,0.92308,0.375,0.002428,1,1,0.14925,1,0.5,0,0,2
1,0.00049944,0.4194,0.5,0.53846,0.375,0.00013874,0,0,0,1,0.5,0.068,0,1
1,0.40692,0.088665,0.5,0.076923,0.875,0.039889,0,0,0,1,0.5,0.146,0,1
1,0.22999,0.021682,0.5,0.076923,0.375,0.0037461,0,0,0,0,0.5,0.06,0,1
0,0.19565,0.28954,0.5,0.76923,0.375,0.0086715,0,1,0.014925,1,0.5,0,0.0016,1
1,0.48907,0.22309,0.5,0.92308,0.875,0.00069372,1,1,0.20896,1,0.5,0.1995,0,2
0,0.24248,0.025252,0.5,0.61538,0.375,0.1155,0,0,0,0,0.5,0.11,5e-05,1
1,0.26433,0.0039871,0.5,0.53846,0.375,0.00020812,1,0,0,1,0.5,0,0,2
0,0.28106,0.0028479,0.5,0.53846,0.375,0.00013874,0,1,0.029851,1,0.5,0.1,0.00394,1
1,0.31852,0.012341,0.5,0.53846,0.875,0.015886,0,1,0.014925,1,0.5,0.208,0.00021,1
1,0.26121,0.38295,0,0.69231,0.875,0.0086715,0,0,0,0,0.5,0.13,0,1
0,0.0041204,0.00056958,0.5,0.30769,0.25,0,1,0,0,1,0.5,0.05,0.00027,1
1,0.25609,0.020087,0.5,0.76923,0.375,0.026015,1,1,0.014925,0,0.5,0.08,0,1
0,0.2436,0.00079742,0.5,0.76923,0.875,0.0020118,1,1,0.16418,0,0.5,0.04,0.00099,2
1,0.27057,0.00094931,0.5,0.076923,0.875,0.046133,1,0,0,1,0.5,0,0,2
1,0.333,0.0020505,0.5,0.23077,0,0,0,0,0,0,0.5,0.05,0,1
0,0.47971,0.00018986,0.5,0.92308,0.375,0.0093652,1,0,0,1,0.5,0.49,0,1
0,0.6233,0.047617,0.5,0.38462,0.375,0.015886,1,1,0.044776,1,0.5,0.078,0,2
0,0.19466,0.01424,0.5,0.53846,0.375,6.9372e-05,0,0,0,0,0.5,0.06,0.00018,1
0,0.028593,0.048415,0.5,0.53846,0.5,0.032952,1,1,0.029851,0,0.5,0.0365,0.00444,2
1,0.0006243,0.018189,0,0.61538,0.375,0.015609,1,1,0.014925,1,0.5,0.04,0.003,2
1,0.27369,0.0004177,0.5,0.92308,0.375,0.046133,1,0,0,0,0.5,0.05,0,2
1,0.67949,0.35751,0.5,0,0,1,1,1,0.16418,1,0.5,0.015,0.003,2
1,0.22375,0.0020885,0.5,0.23077,0.375,0.00034686,1,0,0,0,0.5,0.04,0,2
1,0.47459,0.38447,0.5,1,0.375,0.0017343,1,1,0.089552,0,0.5,0.26,0.00196,2
1,0.27057,0.0058477,0.5,0.23077,0.375,0.0058966,0,0,0,1,0.5,0.178,0,1
1,0.27482,0.0085438,0.5,0.15385,0.375,0.0086715,0,0,0,0,0.5,0.08,0.0001,1
1,0.65252,0.00056958,0.5,0.076923,0.375,0.026015,0,0,0,1,0.5,0,0.0035,1
1,0.24984,0.21359,0.5,0.61538,0.375,0.011863,1,0,0,0,0,0.06,0,2
1,0.2883,0.00015189,0.5,0.53846,0.5,0.0017343,1,0,0,1,0.5,0.08,0,2
1,0.44962,0.0015948,0,0.61538,0.375,0.0020118,0,0,0,1,0.5,0.1545,2e-05,1
0,0.52553,0.0066451,0,0.53846,0.375,0,0,0,0,1,0.5,0.075,1e-05,1
1,0.29242,0.031707,0.5,0.15385,0.875,0.0058966,0,0,0,1,0.5,0.11,5e-05,1
0,0.0024972,3.7972e-05,0.5,0.53846,0.375,0.00013874,1,1,0.16418,0,0.5,0,0.00456,2
1,0.4922,0.00018986,0.5,0,0,0,0,1,0.029851,0,0.5,0.0085,1e-05,1
1,0.33824,0.023733,0.5,0.38462,0.375,0.031564,1,0,0,1,0.5,0.1,0,1
1,0.4028,0.00011392,0.5,0.076923,0.375,0.011446,0,0,0,1,0.5,0.06,0,1
1,0.24048,0.00056958,0,0.92308,0.375,0.00013874,1,0,0,1,0.5,0.05,0.0002,1
0,0.27994,0.04082,0.5,0.76923,0.375,0.028789,1,1,0.074627,1,0.5,0,0.0056,2
1,0.49644,0.023581,0.5,0.76923,0.375,0.00027749,1,1,0.014925,0,0.5,0.1,0.003,2
1,0.28106,0.0062654,0.5,0.53846,0.25,0.015609,0,0,0,1,0,0,0,2
0,0.29042,0.0029998,0,0.76923,0.375,0.0010406,1,1,0.029851,1,0.5,0.04,0.004,2
0,0.001748,0.020087,0.5,0.69231,0.125,0.015609,1,1,0.074627,1,0.5,0.0495,0.005,2
0,0.50156,0.028631,0,0.76923,0.875,0.00055498,1,1,0.20896,0,0.5,0,0.023,2
0,0.45686,0.19461,0.5,0.69231,0.375,0.00034686,1,0,0,1,0.5,0,0.04,2
1,0.0018729,0.079172,0.5,0.53846,0.375,0.0058966,0,0,0,0,0.5,0.15,0,1
0,0.31227,0.10917,0.5,1,0.875,0.060701,1,0,0,0,0.5,0.18,0,2
1,0.34037,0.0047465,0.5,0.38462,0.5,0.0017343,0,0,0,1,0.5,0.36,0,1
1,0.42352,0.0024682,0.5,0.38462,0.375,0.0086715,1,0,0,1,0.5,0.2215,0,1
1,0.27369,0.088665,0.5,0.23077,0.375,0.0052029,0,0,0,0,0.5,0.09,0,1
1,0.39218,0.00018986,0.5,0.53846,0.5,0.057926,1,0,0,1,0,0.16,0,1
1,0,0.11866,0.5,0.61538,0.375,0.0058966,0,1,0.014925,0,0.5,0,6e-05,1
1,0.31227,0.00011392,0.5,0.53846,0.375,0.0086715,0,1,0.014925,0,0.5,0,0.00022,1
1,0.84393,0.0020885,0.5,0.69231,1,0.00090184,1,1,0.014925,1,0.5,0,0,2
0,0.23311,0.0036074,0.5,0.61538,0.375,0.11273,1,1,0.089552,1,0.5,0.02,0.006,2
0,0.33824,0.0011012,0.5,0.46154,0.875,0.0086715,0,1,0.014925,1,0.5,0.136,0.00108,1
0,0.24248,0.025252,0,0.53846,0.375,6.9372e-05,0,1,0.014925,0,0.5,1,2e-05,1
0,0.62542,0.031707,0.5,0.38462,0.375,0.00034686,0,0,0,1,0.5,0.12,0.00117,1
1,0.38607,0.00056958,0,0.61538,0.375,0.00027749,0,0,0,0,0,0.08,0,1
1,0.64203,0.00056958,0.5,0.53846,0.375,0.0058966,1,1,0.13433,0,0.5,0,0,2
0,0.45474,0.0011012,0.5,0,0,0,0,1,0.14925,0,0.5,0.1,0.00018,1
1,0.41728,0.010442,0.5,0.46154,0.375,0.029483,1,1,0.089552,0,0.5,0.102,0,2
1,0.44962,0.68825,0.5,0.61538,0.375,0.0058966,0,0,0,0,0.5,0.16,0.03552,1
1,0.63166,0.022214,0.5,0,0,0,0,0,0,0,0.5,0.0725,0,1
0,0.29242,0.0031517,0.5,0.76923,0.375,0.028789,0,1,0.014925,1,0.5,0.1,0.00011,1
1,0.43713,0.0017088,0.5,1,0.875,0.039889,0,0,0,1,0,0.3555,0,2
0,0.72743,0.00079742,0.5,0.15385,0.5,0.00069372,1,1,0.19403,0,0.5,0,0.067,2
1,0.39218,0.023733,0.5,0.23077,0.375,0.0017343,0,0,0,0,0.5,0.19,0.0201,1
0,0.39443,0.00011392,0,0.30769,0.25,0,0,0,0,0,0.5,0.08,0.0002,1
1,0.24048,0.0024682,0.5,0.61538,0.875,0.010128,1,1,0.10448,0,0.5,0.04,0.02954,2
1,0.55775,0.00026581,0,0.53846,0.375,0.11273,0,0,0,0,0.5,0.08,2e-05,1
1,0.2009,0,0,0.38462,0.375,0.0017343,0,0,0,0,0.5,0.03,0,1
0,0.51205,0.0024682,0.5,0.76923,0.375,0.00034686,1,1,0.044776,1,0.5,0.0725,0,2
1,0.3591,0.00056958,0.5,0.53846,0.875,0.3701,1,1,0.16418,0,0.5,0,0.02283,2
0,0.32476,7.5945e-05,0.5,0.30769,0.25,0,0,0,0,1,0.5,0.138,1e-05,1
1,0.31227,0.00022783,0.5,0.53846,0.375,6.9372e-05,1,1,0.044776,0,0.5,0,0,2
0,0.34973,0.01424,0.5,0.76923,0.375,0.040583,1,1,0.059701,0,0.5,0.04,0,2
1,0.91472,0.067401,0.5,0,0,0,1,0,0,1,0.5,0,0,2
1,0.026096,0.0043668,0,0.46154,0.375,0.0010406,0,0,0,1,0.5,0,0.04,1
0,0.33725,0.0047465,0.5,0,0,0,0,1,0.014925,0,0.5,0.046,0.003,1
0,0.23736,0.32599,0.5,0.92308,0.875,0.0052029,1,1,0.10448,0,0.5,0.048,0,2
0,0.31739,0,0.5,0.53846,0.375,0,0,0,0,0,1,0.092,0,2
1,0.39218,0.00015189,0,0.076923,0.375,0.029483,0,0,0,1,0.5,0.23,0,1
0,0.026096,0.0032276,0.5,0.76923,0.375,0.01214,1,1,0.14925,0,0.5,0.04,0.0099,1
0,0.28418,0.0047465,0.5,0.76923,0.375,0.0017343,0,0,0,1,0.5,0.06,0.00809,1
1,0.2883,0.4794,0.5,0.53846,0.375,0.0086715,0,1,0.029851,0,0.5,0,0.05552,1
0,0.0019978,0.00022783,0.5,0.076923,0.375,0.0086715,0,0,0,0,0.5,0.136,0,1
1,0.23936,0.41447,0.5,0.53846,0.5,0.040583,0,1,0.029851,1,0.5,0.1,7e-05,1
1,0.44438,0.091703,0.5,0.61538,0.375,0.0086715,0,1,0.029851,0,0.5,0.11,1e-05,1
1,0.23311,0,0.5,0.76923,0.375,0.046133,0,0,0,0,0.5,0.08,1e-05,1
0,0.35697,0.01424,0.5,0.53846,0.375,0.075269,1,1,0.014925,1,0.5,0.1855,0,2
1,0.42777,0.016138,0.5,0.15385,0.5,0.022546,1,1,0.029851,0,0.5,0.137,0.0061,2
0,0.41316,0.00011392,0,0.38462,0.375,0.00013874,0,0,0,0,0.5,0.09,0,1
1,0.67124,0.36548,0.5,0.69231,0.375,0.60111,1,1,0.074627,0,0.5,0,0,2
1,0.31327,3.7972e-05,0.5,0.38462,0.375,0.00034686,0,0,0,0,0.5,0.1,0,1
1,0.4028,0.08221,0,0.23077,0,0,0,0,0,0,0.5,0.06,0,1
0,0.26121,0.00018986,0,0,0,0,0,0,0,0,0.5,0,0,1
0,0.068548,0.00060756,0.5,0.30769,0,0,1,1,0.22388,0,0.5,0,0.00247,2
1,0.40067,0.0062654,0,0.53846,0.875,0.022546,1,1,0.014925,1,0.5,0.216,0.08,2
0,0.023598,0.4494,0.5,0.53846,0.875,0.00041623,1,0,0,0,0.5,0.17,0,2
0,0.3757,0.0020885,0.5,0.23077,0.375,0.0038155,0,0,0,1,0,0.05,0,1
0,0.30491,0.0025441,0.5,0.38462,0.875,0.01214,1,0,0,0,0.5,0.2,0,1
1,0.2873,0.42244,0.5,1,0.875,0.0031911,1,1,0.014925,0,0.5,0.05,0,2
0,0.39218,0.042719,0.5,0,0,0,0,0,0,0,0.5,0.092,0.052,1
1,0.29667,0.00056958,0.5,0.076923,0.875,0.13007,1,1,0.089552,0,0.5,0.1,0.00327,2
1,0.45686,0.0047465,0,0.53846,0.375,0.0010406,0,0,0,1,0.5,0.116,0.00113,2
0,0.29866,0.00018986,0.5,0.76923,0.875,0.0086715,1,1,0.014925,0,0.5,0,0.00678,2
1,0.26233,0.00094931,0,0.53846,0.875,0.0017343,0,0,0,0,0.5,0.14,0.00204,1
1,0.39031,0.0058857,0.5,0.53846,0.375,0.00034686,1,0,0,0,0.5,0.06,0,1
1,0.28306,0.00011392,0.5,0.46154,0.375,0.008949,1,1,0.014925,0,0.5,0.13,0.008,2
1,0.044825,0.0066451,0,0.53846,0.5,0.0017343,1,0,0,1,0.5,0.082,0.004,1
0,0.30803,0.0017088,0.5,0.61538,0.375,6.9372e-05,0,0,0,1,0.5,0.18,6e-05,1
1,0.45162,0.014391,0.5,0.61538,0.375,0.080819,1,0,0,1,0.5,0.1,0,1
0,0.58796,0.0028479,0.5,0.76923,0.875,0.019077,1,1,0.014925,0,0.5,0.1665,0.00892,2
1,0.39855,0.00015189,0,0.92308,0.375,0.0010406,0,0,0,1,0.5,0.06,0,1
0,0.37982,0.40497,0.5,0.76923,0.875,0.0058966,0,1,0.1791,1,0.5,0.0645,3e-05,1
1,0.34549,0.0058477,0.5,0.61538,0.375,0.026015,1,1,0.074627,1,0.5,0.05,3e-05,2
1,0.68261,0.0058857,0.5,0.69231,1,0,1,1,0.29851,0,0.5,0.076,0.0013,1
1,0.19878,0.0028479,0.5,0.53846,0.375,0.01214,1,1,0.074627,1,0.5,0.176,0.0069,2
1,0.30491,0.0047465,0.5,0.61538,0.375,0.060701,1,0,0,1,0.5,0.13,0,1
1,0.40592,0.0020885,0.5,0.76923,0.875,0.0038155,1,1,0.1791,1,0.5,0.204,0.01,2
1,0.3747,0.00018986,0.5,0.53846,0.375,0.01214,1,1,0.16418,0,0.5,0.016,0.0054,2
1,0.27581,0.0017467,0.5,0.23077,0.375,0.0086715,0,0,0,1,0.5,0.14,0.00055,1
1,0.51929,0.0036453,0.5,1,0.375,0.0017343,1,0,0,0,0.5,0.255,0.006,2
1,0.45586,7.5945e-05,0.5,0.15385,0.375,0.0017343,0,0,0,1,0.5,0.1105,0,1
1,0.32051,0.48737,0.5,0.92308,0.375,0.00034686,0,0,0,0,0.5,0,2e-05,1
1,0.37158,0.069679,0.5,0.53846,0.875,0.30073,1,0,0,0,0.5,0.13,0.002,2
1,0.24872,0.00094931,0.5,0.76923,0.375,0.0086715,0,0,0,0,0.5,0.1,0,1
1,0.2436,0.01424,0.5,0.76923,0.375,0.00013874,1,1,0.029851,1,0.5,0.04,0,2
1,0.64003,0.00015189,0.5,1,0.875,0.00027749,1,0,0,0,0.5,0,0.03,2
1,0.7815,0.00026581,0.5,0.69231,1,0,0,0,0,0,0.5,0,0.00012,1
1,0.50468,0.012493,0.5,0.46154,0.375,0.002428,0,0,0,1,0,0.2,0,1
0,0.2019,0.00079742,0.5,0.38462,0.375,0.0086715,0,0,0,0,0.5,0.1,1e-05,1
1,0.034836,0.0022024,0.5,0.61538,0.375,0.0020118,0,1,0.014925,0,0.5,0.17,0.02803,1
0,0.89175,0,0.5,0.53846,0.375,0,0,0,0,0,1,0.092,0,2
1,0.0032463,0.0077843,0.5,0.15385,0.875,0.35553,1,0,0,0,0.5,0.2,0,2
0,0.026096,0.0004177,0,0.76923,0.375,0.00020812,1,0,0,1,0.5,0.134,0,1
1,0.5515,0.00018986,0.5,0.15385,0.875,0.00034686,1,0,0,1,0.5,0.16,0,2
0,0.00087402,0.044617,0.5,1,0.875,0.00034686,1,1,0.029851,1,0.5,0.15,0.00551,2
1,0.42777,0.050693,0.5,0.15385,0.5,0.0086715,0,0,0,1,0.5,0.22,0.045,1
1,0.32164,0.033226,0.5,0.23077,0.375,0.026015,0,1,0.029851,1,0.5,0.087,3e-05,1
0,0.21751,0.00034175,0.5,0.38462,0.375,0.095387,1,0,0,1,0.5,0,0,2
1,0.25297,0.0412,0.5,0.76923,0.375,0.0010406,0,0,0,0,0.5,0.054,7e-05,1
1,0.39343,0.61382,0.5,0.076923,0.375,0.00020812,1,1,0.13433,0,0.5,0.125,0.0073,2
0,0.71694,7.5945e-05,0.5,0,0,0.0045092,0,1,0.014925,0,0.5,0,0.0001,1
1,0.74304,0.0058477,0.5,0.76923,0.375,0.0086715,1,0,0,1,0.5,0.13,0,2
0,0.81171,0.00053161,0.5,0,0,0,1,1,0.16418,1,0.5,0,0.014,2
1,0.37358,0.0039491,0,0.15385,0.5,0.00034686,1,1,0.14925,1,0.5,0.066,0.00028,1
1,0.60457,0.0024682,0.5,0.76923,0.875,0.00041623,1,0,0,1,0.5,0.175,0,2
0,0.29242,0.0043668,0,0.23077,0.875,0.00020812,0,0,0,1,0.5,0.01,0.00016,1
1,0.24984,0.035124,0.5,0.53846,0.375,0.1155,1,1,0.044776,1,0.5,0.02,0.00028,2
1,0.59945,0.28954,0.5,0.61538,0.875,0.010753,1,1,0.1791,0,0.5,0,0.0079,2
1,0.2883,0.00056958,0.5,0.76923,0.375,0.16476,1,1,0.044776,1,0.5,0,0.00582,2
1,0.40067,0.00053161,0,0,0,0,0,1,0.029851,0,0.5,0.08,1e-05,1
1,0.41728,0.012721,0,0.92308,0.375,0.0058966,0,0,0,0,0.5,0.09,0,1
1,0.20926,0.012721,0,0.23077,0.375,0.0020118,0,0,0,0,0,0.1,0,1
0,0.25808,0.0032276,0.5,0.53846,0.375,0.011446,0,0,0,0,0.5,0,0.00351,1
0,0.7544,0.0062654,0.5,0.76923,0.375,0.00076309,1,0,0,1,0.5,0.0105,0.10561,2
0,0.0011237,0.04682,0.5,0.92308,0.875,0.002428,1,1,0.089552,0,0.5,0.2,0.00458,2
1,0.024847,0.037023,0.5,0.53846,0.375,0.0017343,1,0,0,0,0.5,0.07,0,1
1,0.53278,0.17562,0.5,0.76923,0.375,0.031772,1,0,0,0,0,0,0,2
1,0.331,0.0066451,0,0.53846,0.375,6.9372e-05,1,1,0.074627,1,0.5,0.08,0.05777,2
1,0.72006,0.026732,0.5,0.46154,0.375,0.00097121,1,1,0.089552,1,0.5,0.18,0.01332,2
1,0.69622,0.0043668,0.5,0,0,0.00034686,1,1,0.074627,0,0.5,0,0.08851,2
1,0.63891,0.00037972,0.5,0.15385,0.5,0,1,1,0.16418,0,0.5,0,0.01249,2
1,0.34236,0.0077463,0,0.38462,0.375,0.00013874,1,1,0.044776,1,0.5,0.185,0.0056,2
1,0.3747,0.0024682,0.5,0.92308,0.375,0.21679,1,1,0.1194,0,0.5,0.165,0.012,2
1,0.64515,0.0077463,0,0,0,0.0010406,0,0,0,0,0.5,0.06,1e-05,1
0,0.0011237,0.0004177,0,0.38462,0.375,0.0031217,1,0,0,0,0.5,0.06,0,1
1,0.36846,0.0028479,0,0.53846,0.375,0.00027749,0,0,0,0,0.5,0.12,0,1
0,0.4184,0.01424,0.5,0.92308,0.375,0.026015,0,0,0,0,0.5,0.15,0.00044,2
0,0.22375,0.01424,1,0.92308,0,0.00069372,0,0,0,1,0,0.15,0,2
1,0.019853,0.00083539,1,0,0.75,0,0,0,0,1,1,0.225,1,2
1,0.22375,0.025631,0,0.46154,0.375,0.00027749,0,0,0,0,0.5,0.07,0,1
1,0.59321,0.00094931,0.5,0.46154,0.5,0.0017343,1,1,0.1791,1,0.5,0.205,0.0251,2
1,0.71495,0.0032276,0.5,0.69231,0.875,0.00048561,1,1,0.044776,0,0.5,0,0,2
1,0.16968,0.00015189,0,0.61538,0.375,0.01214,1,1,0.029851,1,0.5,0.06,0.01,2
1,0.23936,0.0036074,0.5,0.76923,0.375,6.9372e-05,1,0,0,1,0.5,0.03,0.004,2
0,0.27169,0.44295,0.5,0.23077,0.875,0.0058966,0,0,0,0,0.5,0.16,5e-05,1
1,0.21751,0.00037972,0.5,0.61538,0.875,0.011446,0,1,0.014925,0,0.5,0.06,1e-05,1
1,0.36222,0.001329,0.5,0.61538,0.375,0.002428,1,1,0.044776,1,0.5,0.1645,0,1
1,0.22487,0.038922,0.5,0.53846,0.875,0.075269,0,0,0,0,0.5,0.16,0.00013,1
0,0.57023,0.0039871,0.5,0.76923,0.375,0.00034686,1,1,0.10448,1,0.5,0,0,2
1,0.28206,0.0043668,0.5,0.15385,0.375,0.028789,0,0,0,0,0.5,0,0,1
0,0.39218,0.001329,0.5,0.076923,0.375,0.00020812,1,0,0,1,0.5,0.15,0,1
0,0.25297,0.0028479,0.5,0.23077,0.375,0.0010406,1,1,0.014925,0,0.5,0.08,0.00234,2
0,0.26333,0.088665,0.5,0.15385,0.5,0.00034686,1,1,0.059701,0,0,0.04,0,2
1,0.331,0.016138,0.5,0.92308,0.375,0.029761,1,1,0.014925,1,0.5,0.06,0,2
0,0.33924,0.063224,0.5,0,0,0,0,0,0,0,0.5,0.17,1e-05,1
1,0.52341,0.0039491,0.5,0.61538,0.375,0.00034686,1,1,0.089552,1,0.5,0.25,0.1,2
0,0.22587,0.00037972,0.5,0.61538,0.375,6.9372e-05,0,1,0.014925,0,0.5,0.06,1e-05,1
0,0.033587,3.7972e-05,0.5,0.76923,0.375,6.9372e-05,1,1,0.029851,1,0.5,0.0835,0.005,1
0,0.024847,0.00022783,0.5,0.38462,0.375,0.0017343,1,1,0.044776,0,0.5,0.04,0.00918,2
1,0.27057,0.0004177,0.5,1,0.375,0.0020118,1,1,0.089552,0,0.5,0.0605,0,2
1,0.27169,0.00018986,0.5,0.53846,0.375,0.0086715,0,0,0,0,0.5,0.18,0,1
1,0.40592,0.00034175,0,0.61538,0.875,0.03642,1,0,0,1,0.5,0.077,0,2
0,0.56399,3.7972e-05,0.5,0.76923,0.375,0.0086715,0,0,0,1,0.5,0.1315,0,1
0,0.29242,0.022214,0,0,0,0.0086715,0,0,0,0,0.5,0.06,0.00087,1
0,0.22175,0.0020505,0.5,0.53846,0.375,0.01214,0,1,0.014925,1,0.5,0.04,5e-05,1
1,0.0021226,0.00094931,0,0.61538,0.375,0.00048561,0,0,0,1,0.5,0.14,0,1
0,0.28106,0.012721,0.5,0.76923,0.375,0.0052029,0,0,0,0,0,0.08,0,1
1,0.43089,0.004101,0.5,0.46154,0.375,0.080819,0,0,0,0,0,0.014,0,1
1,0.36846,0.053731,0.5,0.61538,0.875,0.0052029,1,1,0.014925,0,0.5,0.12,0.001,2
1,0.39543,0.00094931,0.5,0.38462,0.375,0.0052029,1,0,0,1,0.5,0.2615,0,1
0,0.25609,0.069679,0.5,0.76923,0.375,0.14464,1,1,0.074627,0,0.5,0.11,0.02503,2
1,0.4194,0.010442,0.5,0.15385,0.5,0,0,0,0,0,0.5,0.09,0,1
1,0.27369,0.0031517,0.5,0.53846,0.875,0.15019,0,0,0,1,0.5,0.064,0,2
0,0.44025,0.00045567,0.5,0.76923,0.875,0.00097121,1,1,0.1194,0,0.5,0,0.0659,2
1,0.39655,0.016936,0.5,0.92308,0.875,0.041901,1,1,0.044776,0,0.5,0.1555,0.003,2
0,0.28106,0.0029998,0.5,0.15385,0.375,0.0058966,0,0,0,0,0.5,0.072,0,1
1,0.331,0.55383,0.5,0.15385,0.5,0,0,0,0,1,0.5,0.089,0,1
1,0.0034961,7.5945e-05,0.5,0.46154,0.375,0.01214,1,1,0.029851,1,0.5,0,0.00015,2
1,0.3747,0.0412,0,0.53846,0.375,0.00027749,0,0,0,0,0.5,0.085,0.00179,1
1,0.46935,0.00026581,0.5,0.76923,0.875,0.0079778,1,1,0.10448,1,0.5,0.15,5e-05,1
1,0.21126,0.0032276,0,0.53846,0.375,0.00027749,0,0,0,0,0.5,0.07,0.00722,1
1,0.61194,0.0086957,0.5,0,0,0.0020118,0,0,0,0,0.5,0.1,3e-05,1
1,0.28418,0.00064553,0.5,0.46154,0.375,0.0058966,0,0,0,0,0,0,0,1
0,0.43289,0.0047465,0,0.15385,0.875,0.00034686,0,0,0,1,0.5,0.08,0,1
1,0.55051,0.0004177,0,0.076923,0.375,0.0010406,1,0,0,0,0,0,0,1
1,0.072294,0.010442,0.5,0.61538,0.375,0.01214,1,1,0.074627,1,0.5,0.03,0.00058,2
1,0.029841,0.01424,0.5,0.46154,0.375,0.0017343,1,1,0.044776,0,0.5,0.13,0.15108,2
1,0.61706,0.00072147,0.5,0,0,0,1,1,0.014925,0,0.5,0.047,0,1
0,0.42153,0.060186,0,0,0,0,1,0,0,0,0.5,0.16,0,1
1,0.23736,0.00015189,0,0.15385,0.375,6.9372e-05,0,0,0,1,0.5,0.18,0.01,1
0,0.028593,0.091703,0,0.53846,0.375,0,0,0,0,0,0.5,0.06,0,1
1,0.2893,0.00056958,0.5,0.53846,0.875,0.098162,1,0,0,0,0.5,0.211,0.002,2
1,0.86166,0.00034175,0.5,0,0,0.00027749,0,1,0.014925,0,0.5,0.035,6e-05,1
1,0.59321,0.0011012,0.5,0.53846,0.5,0.0010406,1,1,0.29851,0,0.5,0,0.15,2
1,0.53802,0.00011392,0.5,0.76923,0.875,0.00041623,1,1,0.16418,0,0.5,0.04,0,2
1,0.00087402,0.023733,0,0.38462,0.375,0.0086715,1,0,0,0,0.5,0.09,1e-05,1
1,0.43189,0.00094931,0.5,0.92308,0.5,0.00034686,0,0,0,0,0.5,0.174,0,1
1,0.70446,0.0070249,0.5,0.076923,0.5,0.0010406,1,1,0.25373,1,0.5,0,0,2
0,0.54951,0.25309,0.5,0.76923,0.375,0.51162,1,1,0.044776,1,0.5,0,0,2
0,0.5515,0,0.5,0.53846,0.375,0.0017343,1,0,0,0,0.5,0,0,2
1,0.42565,0.0066451,0.5,0.61538,0.5,0.0017343,1,0,0,1,0.5,0.0815,0,1
1,0.37982,0.01029,0,0.46154,0.375,0.0086715,0,0,0,1,0,0.04,0,1
1,0.34349,0.0028479,0.5,0.76923,0.875,0.011446,0,0,0,1,0.5,0.11,0.00251,1
1,0.24048,0.02753,0.5,0.46154,0.375,0.00027749,0,1,0.014925,0,0.5,0.05,1e-05,1
0,0.51405,3.7972e-05,0.5,0.15385,0.5,0.015609,1,0,0,1,0.5,0,0.003,2
0,0.027344,0.00056958,0.5,0.61538,0.375,0.060701,0,0,0,1,0.5,0.08,0,1
1,0.39343,0.0031517,0.5,1,0.375,0.092612,1,1,0.1194,1,0.5,0.1515,0.0329,2
0,0.22063,0.0004177,0.5,1,0.875,6.9372e-05,1,1,0.16418,0,0.5,0,0.03,2
0,0.41216,0.0085438,0,0.92308,0.375,0.002428,0,0,0,1,0.5,0.1,0.00141,1
0,0.063554,0.00026581,0.5,0.38462,0.875,0.00020812,0,0,0,0,0.5,0,0,1
1,0.29667,0.022214,0,0.92308,0.875,0.0086715,0,0,0,0,0.5,0.12,1e-05,1
0,0.033587,0.011544,0,1,0.875,0.017621,1,1,0.014925,0,0.5,0.035,0,2
1,0.26233,0.033226,0,0.53846,0.875,0.0017343,0,0,0,0,0.5,0.14,0.00204,1
1,0.42465,0.034821,0.5,0.53846,0.375,0.0031217,1,1,0.1791,1,0.5,0,0.00221,2
1,0.53802,0.095728,0.5,0.76923,0.875,0.0014568,1,1,0.014925,0,0.5,0.38,0.0009,1
1,0.46523,0.0077463,0.5,0.61538,0.375,0.00027749,1,0,0,1,0.5,0.2,0.058,2
1,0.37046,0.0077463,0,1,0.875,0.00027749,0,0,0,0,0.5,0.064,1e-05,1
1,0.4641,0.1012,0.5,0.92308,0.375,0.011446,0,0,0,1,0.5,0,0.00501,1
1,0.38919,0.0074046,0.5,0.53846,0.375,0.00048561,1,1,0.23881,0,0.5,0,0.05,2
1,0.4485,0.009645,0.5,0,0,0,0,0,0,0,0.5,0,0.01,1
1,0.023598,0.091703,0.5,0.53846,0.375,0.00013874,1,1,0.16418,1,0.5,0.1,0.03,2
1,0.58696,0.22157,0.5,0.61538,0.375,0.0038155,0,0,0,0,0.5,0.2325,0.0015,1
1,0.00074916,0.29751,0,0.15385,0.5,0.011446,0,0,0,1,0.5,0.092,0,1
1,0.43401,0.00094931,0.5,0.61538,0.375,0,1,0,0,1,0.5,0.1195,0.002,2
1,0.29866,0.033226,0.5,0.46154,0.375,0.0058966,0,1,0.059701,0,0.5,0.127,0.0195,1
1,0.4641,0.0024682,0.5,0.46154,0.875,0.029483,1,1,0.1791,1,0.5,0.0465,0,2
0,0.25709,0.036226,0.5,0.15385,0.375,0.00027749,0,0,0,0,0.5,0.1,0.01,1
1,0.45586,0.012341,0.5,0.76923,0.875,0.00062435,1,0,0,1,0.5,0.051,0.00639,2
1,0.27994,0.038124,0.5,1,0.375,0.00027749,1,1,0.13433,0,0.5,0.03,0.00396,2
0,0.33412,0.0051263,0.5,0.76923,0.875,0.00034686,1,1,0.029851,0,0.5,0,0.05,2
0,0.58072,0.0017467,0.5,0.92308,0.875,0.028789,1,1,0.16418,1,0.5,0.22,6e-05,2
0,0.64939,0,0,0,0,0,0,0,0,0,0.5,0,0,1
1,0.48708,0.00094931,0,0.15385,0.875,0.00069372,0,0,0,1,0,0.1,0,1
1,0.48708,0.061705,0.5,0.53846,0.375,0.0010406,1,1,0.14925,0,0.5,0.093,0.047,2
0,0.34349,0.0077463,0.5,0.61538,0.375,0.0017343,0,0,0,1,0.5,0.09,0.0005,1
1,0.23736,0.0036074,0.5,0.61538,0.375,0.0010406,1,0,0,0,0.5,0.06,0.02206,2
1,0.047322,0.016138,0.5,0.53846,0.5,0.0045092,1,1,0.23881,0,0.5,0.0585,0.0121,2
1,0.45274,0.0028479,0,0.076923,0.375,0.040583,0,0,0,0,0.5,0.12,3e-05,1
1,0.32476,0.00094931,0.5,0.15385,0.5,0,1,0,0,1,0.5,0,0,2
1,0.4902,0.0064933,0,0.46154,0.375,0.011446,0,0,0,0,0,0.2,0,1
1,0.26433,0.0028479,0.5,0.38462,0.375,0.098162,1,1,0.014925,0,0.5,0.04,0.098,2
0,0.24872,0.0047465,0.5,0.53846,0.375,0,0,0,0,0,0.5,0,0,1
0,0.34236,0.00011392,0.5,0.46154,0.375,0.019355,0,1,0.014925,1,0.5,0.14,0.0001,1
1,0.26745,0.0029998,0,0.92308,0.375,0.046133,0,0,0,0,0.5,0.08,0,1
1,0.35073,0.19461,0.5,1,0.375,0.032952,1,1,0.029851,0,0.5,0.21,7e-05,2
1,0.33412,0.0085438,0.5,0.15385,0.5,0.00034686,0,0,0,1,0.5,0.32,0.04,1
0,0.22799,0.035124,0.5,0.76923,0.375,0.008394,1,1,0.059701,0,0.5,0.03,0.0054,2
1,0.29242,0.006797,0.5,0.53846,0.375,0.0037461,0,0,0,1,0.5,0.068,1e-05,1
1,0.31852,0.0083919,0,0.38462,0.375,0.00027749,1,0,0,0,0.5,0.094,0,1
1,0.28418,0.12018,0,0.53846,0.375,0.011446,0,0,0,0,0.5,0.08,0.01058,1
1,0.30703,0.0020505,0.5,0.46154,0.375,6.9372e-05,0,0,0,1,0.5,0.06,1e-05,1
1,0.0019978,0.0066451,0,0.69231,0.875,0.00027749,1,0,0,1,0.5,0.1965,0,2
1,0.59833,0.01424,0.5,0.15385,0.5,6.9372e-05,0,0,0,0,0.5,0.05,2e-05,1
0,0.35285,0.001329,0.5,0.61538,0.375,0.057926,1,0,0,0,0,0.14,0,2
1,0.3154,0.0020505,0.5,0.61538,0.375,0.011446,0,1,0.014925,0,0.5,0.136,0.00444,1
1,0.22999,0.039073,0.5,0,0,0.028789,0,0,0,0,0.5,0.04,0,1
1,0.26857,0.044238,0,0.23077,0.375,0.0017343,1,1,0.014925,0,0.5,0.09,0.0002,1
1,0.2019,0.15512,0.5,0.15385,0.875,0.028789,0,0,0,1,0.5,0.06,0,1
1,0.332,7.5945e-05,0.5,0.076923,0.375,0.0052029,0,0,0,1,0.5,0.04,0,1
1,0.027344,0.010442,0.5,0,0,0.0031217,0,0,0,0,0.5,0.08,0.00025,1
0,0.0031215,0.0077463,0,0.76923,0.875,0.0086715,1,1,0.34328,1,0.5,0.2275,0.01236,2
1,0.43713,0.95405,0.5,1,0.875,0.11273,1,1,0.014925,1,0.5,0.2575,0.005,2
1,0.29454,0.00045567,0.5,0.53846,0.375,0.14464,0,0,0,0,0,0.04,0,1
1,0.23111,0.00018986,0.5,0.76923,0.375,0.026015,1,1,0.029851,0,0.5,0,0.00038,1
1,0.3767,0.00018986,0.5,0.076923,0.875,0.0058966,0,0,0,1,0,0.126,0,1
0,0.2446,0.0028479,0.5,0.53846,0.375,0.055151,1,1,0.074627,1,0.5,0.07,5e-05,1
1,0.35697,0.00056958,0,0.53846,0.375,0.0010406,1,0,0,1,0.5,0,0.00225,1
1,0.35597,0.35447,0.5,0.76923,0.875,0.39299,1,1,0.089552,0,0.5,0.1905,0.00168,2
1,0.0012486,3.7972e-05,0.5,0.76923,0.375,0.01214,1,0,0,1,0.5,0.14,0,2
1,0.32676,0.00049364,0.5,0.69231,0.125,0,0,0,0,1,0.5,0.07,0.0111,1
1,0.67636,0.025631,0.5,0.53846,0.875,0.1821,1,1,0.16418,1,0.5,0,0.00284,2
1,0.39218,0.01424,0.5,0.076923,0.375,0.060701,1,0,0,1,0,0.464,0,1
0,0.31327,0.0047465,0.5,0.076923,0.375,6.9372e-05,0,0,0,1,0.5,0.09,0.01062,1
1,0.41216,0.12018,0,1,0.375,0.21956,1,1,0.044776,1,0.5,0.19,0,2
1,0.047322,0.061705,0.5,0.53846,0.375,0.0010406,0,0,0,0,0.5,0,0.00316,1
0,0.21863,0,0,0.30769,0,0,0,0,0,0,0.5,0.043,0,1
1,0.29667,0.025252,0.5,0.53846,0.375,0.011446,0,0,0,0,0.5,0.05,0,2
1,0.331,0.01029,0,0.92308,0.375,0.03642,1,1,0.014925,0,0.5,0.1055,0,2
0,0.026096,0.015758,0.5,0.15385,0.375,0.02324,0,0,0,1,0,0.072,0,1
1,0.49644,0.0020505,0,0.38462,0.375,0.00034686,1,1,0.044776,0,0.5,0.1,0.01,2
1,0.00049944,0,0.5,0.076923,0.375,0.00034686,0,0,0,0,0.5,0.072,0,1
1,0.332,0.0017088,0,0.53846,0.5,0.0017343,0,0,0,0,0.5,0.1,0.0121,1
0,0.30915,0.0047465,0.5,0,0,0,1,0,0,0,0.5,0.04,0,1
0,0.40067,0.00056958,0.5,0.53846,0.375,0.0017343,0,0,0,1,0.5,0.186,0.00122,1
1,0.21863,0.016936,0.5,0.53846,0.375,0.0017343,0,0,0,0,0,0.04,0,1
0,0.46935,0.0020885,0.5,0.76923,0.375,0.0086715,1,0,0,1,0.5,0.114,0,2
1,0.28106,0.009645,0,0.53846,0.875,0.17933,1,0,0,0,0.5,0,0,2
0,0.22175,0.03877,0.5,0,0,0,0,0,0,0,0.5,0,0.0005,1
1,0.30291,0.46839,0.5,0.76923,0.875,0.10995,1,0,0,1,0.5,0.06,0,2
0,0.31952,0.00018986,0.5,0.53846,0.875,0.060701,1,0,0,1,0.5,0.2455,0,2
1,0.32476,0.0047465,0,0.23077,0.875,0.0086715,0,0,0,1,0.5,0,0.00017,1
0,0.28206,0.2341,0.5,0.38462,0.375,0.011446,0,0,0,0,0.5,0.11,0.01,1
1,0.00087402,0.0028479,0.5,0.46154,0.375,0.00034686,1,0,0,1,0,0.16,0,1
1,0.31852,0.0011012,0,0.53846,0.375,0.0010406,0,0,0,1,0.5,0.08,0,1
1,0.26233,0,0.5,0.53846,0.375,0.00034686,0,0,0,1,0,0,0,1
1,0.43813,0.0062654,0,0.53846,0.375,0.00027749,1,0,0,0,0.5,0.04,0,1
0,0.28418,0.43991,0.5,0.92308,0.375,0.00027749,1,0,0,0,0.5,0.04,0.01349,2
0,0.59945,0.050693,0.5,0.15385,0.75,0.02324,0,0,0,0,0.5,0,0.0012,1
1,0.0033712,0.0011012,0,0.92308,0.875,0.01214,1,1,0.1194,0,0.5,0.05,0.00375,2
1,0.39218,0.0039871,0.5,1,0.375,0.0045092,1,0,0,0,0.5,0,0,2
0,0.23311,0.036226,0.5,0.38462,0.375,0.0058966,1,0,0,0,0.5,0.05,0,2
0,0.34037,0.005506,0.5,1,0.875,0.21401,1,1,0.014925,0,0.5,0.06,0.00011,2
1,0.0031215,0.00015189,0.5,0.69231,0.375,0.00027749,0,1,0.014925,0,0,0.28,0,2
1,0.51205,0.050693,0.5,0.076923,0.375,0.011446,0,0,0,0,0.5,0.084,0,1
1,0.70658,0.046516,0.5,0.46154,0.375,0.0086715,1,1,0.059701,1,0.5,0.1,0,2
0,0.22487,0.00037972,0,0.76923,0.875,0.011446,0,0,0,0,0.5,0.17,0,1
1,0.40167,0.00094931,0.5,0.53846,0.375,0.0086715,0,0,0,1,0.5,0.14,0,1
0,0.27581,0.0047465,0,0,0,0.022546,0,0,0,0,0.5,0.14,0,1
0,0.19678,0.10917,0.5,0.76923,0.375,0.0058966,0,0,0,0,0.5,0.06,0,1
1,0.43289,0.00015189,0.5,0.076923,0.5,0.0086715,1,0,0,1,0.5,0.092,0,1
1,0.22799,0.39548,0,0.38462,0.375,0.0086715,1,0,0,0,0.5,0.06,0.00375,1
0,0.66388,0.0062654,0.5,0,0,0,0,0,0,1,0,0.031,0.00027,1
1,0.2893,0.44143,0,0.61538,0.375,0.057926,1,0,0,1,0.5,0.08,0.003,2
1,0.42977,0,0.5,0.53846,0.375,0,0,0,0,0,1,0.092,0,1
1,0.044825,0.042719,0,0.076923,0.375,0.0010406,0,0,0,1,0.5,0.2155,0,2
1,0.28106,0.0039871,0.5,0.76923,0.875,0.092612,1,0,0,0,0.5,0.05,0,2
0,0.39655,0.11866,0.5,0,0,0.021089,0,1,0.029851,1,0.5,0.1,4e-05,1
1,0.30803,0.010442,0.5,0.53846,0.375,0.015609,1,1,0.089552,0,0.5,0.092,0.006,2
0,0.39218,0.00056958,0.5,0,0,0,0,1,0.029851,1,0.5,0.1,0.00105,1
1,0.45586,0.16765,0,0.23077,0.375,0.0017343,1,1,0.14925,1,0.5,0.16,0,2
0,0.64627,0.0024682,0.5,0.15385,0.5,0.21401,0,0,0,1,0.5,0.0365,0,1
0,0.75865,0.00018986,0.5,0.38462,0.375,0.00027749,1,1,0.059701,0,0.5,0,0.00099,2
0,0.23311,0.16765,0,0.53846,0.875,0.00020812,1,0,0,0,0.5,0.12,0,2
1,0.39218,0.00015189,0.5,1,0.375,0.00034686,1,1,0.044776,1,0.5,0.145,0.02279,2
1,0.38607,0.11714,0.5,0.53846,0.375,0.0017343,0,1,0.029851,1,0.5,0.08,0.00041,1
1,0.33824,0.063224,0.5,0.92308,0.875,0.35276,1,1,0.13433,0,0.5,0.1995,0.00827,2
1,0.38195,0.060186,0.5,0.076923,0.375,0.040583,0,0,0,1,0,0,0,1
0,0.25808,0.00011392,0.5,0.38462,0.375,0.00027749,1,0,0,0,0.5,0.05,0,2
1,0.35073,0.033226,0.5,0.46154,0.375,0.0066597,1,1,0.044776,1,0.5,0.198,0,2
1,0.48595,0.00022783,0.5,0.46154,0.375,0.008949,1,1,0.074627,1,0.5,0.054,0.01097,2
1,0.21126,0.012493,0.5,0.15385,0.375,0.02324,0,0,0,1,0.5,0.07,2e-05,1
1,0.47971,0.12664,0.5,0.61538,0.375,0.00027749,1,1,0.20896,0,0.5,0.1915,0.01344,2
0,0.034836,0.0412,0,1,0.375,6.9372e-05,0,0,0,0,0.5,0.14,0.00013,1
1,0.0013735,0.00056958,0,0.61538,0.375,0.026015,1,0,0,1,0.5,0.13,0.01065,2
0,0.40167,0.0020505,0.5,0.92308,0.375,0.00027749,1,0,0,0,0.5,0.22,0.11177,2
1,0.37046,0.0047465,0,0.23077,0.375,0.0017343,0,0,0,0,0.5,0.112,0,1
1,0.0022475,0.0017088,0.5,0.38462,0.375,6.9372e-05,1,0,0,1,0.5,0.12,0,1
1,0.30291,7.5945e-05,0.5,0.69231,0.125,0.011446,0,1,0.029851,0,0.5,0.16,0.013,1
1,0.28618,0.0043668,0.5,0.15385,0.375,0.002428,1,1,0.13433,0,0.5,0.028,0.00742,2
1,0.29242,0.0017467,0,0.61538,0.375,0.1821,1,1,0.089552,1,0.5,0.104,0.00347,1
1,0.39218,0.00018986,0,0.38462,0.375,0.0058966,1,0,0,0,0.5,0,0,1
1,0.25297,0,0.5,0.53846,0.375,0,0,0,0,0,1,0.092,0,1
0,0.31327,0.0051263,0,0,0,0.00013874,0,1,0.014925,1,0.5,0.1,1e-05,1
1,0.49532,0.00018986,0.5,0.46154,0.375,0.0017343,1,0,0,0,0,0.144,0,1
1,0.31952,0.0028479,0.5,0.53846,0.5,0.0017343,1,0,0,0,0.5,0.1745,0.00023,2
0,0.35597,0.0039491,0.5,0.53846,0.375,0.0017343,1,1,0.074627,1,0.5,0.15,0.0143,2
1,0.25297,0.00026581,0.5,0.53846,0.375,0.11273,1,1,0.044776,0,0.5,0.1,0.01391,2
1,0.43289,0.00094931,0,0.61538,0.375,0.00020812,0,0,0,0,0,0.1,0,1
1,0.26545,0.0028479,0,0.84615,0.75,0.0052029,0,0,0,1,0.5,0.066,2e-05,1
1,0.0014983,0.00011392,0.5,0.61538,0.375,0.0052029,0,0,0,1,0.5,0.15,0.00067,1
0,0.51717,0.0039491,0.5,0.38462,0.375,0.046133,0,0,0,0,0.5,0.12,0.00237,1
0,0.41316,0.00094931,0,0.53846,0.375,0.0017343,0,0,0,1,0.5,0,2e-05,1
0,0.0036209,0.1741,0.5,0.23077,0.875,6.9372e-05,0,0,0,1,0,0.12,0,1
0,0.3154,0.042719,0.5,0.76923,0.375,0.008949,1,1,0.029851,0,0.5,0.1,0,1
1,0.50468,0.00056958,0.5,0.15385,0.5,0,0,0,0,0,0,0.15,0,1
1,0.0049944,0.0047465,0.5,0.23077,0.875,0.00055498,1,0,0,1,0.5,0.012,0.02028,2
1,0.39855,0.00015189,0.5,0.46154,0.375,0.0017343,1,0,0,1,0.5,0.18,0,2
0,0.47559,0.00022783,0.5,0.23077,0.375,6.9372e-05,1,0,0,1,0.5,0,0,2
1,0.023598,0.00037972,0,0.53846,0.375,0.0017343,1,0,0,0,0,0.02,0,2
1,0.52141,0.0015948,0.5,0.53846,0.875,0.0014568,1,1,0.089552,0,0.5,0.11,0.00948,2
0,0.2883,0.22309,0.5,0.76923,0.375,0.021991,1,1,0.14925,0,0.5,0.06,0.00245,2
1,0.35173,0.00018986,0.5,0.61538,0.375,0.00076309,1,0,0,1,0.5,0.035,0,2
0,0.35485,0.063224,0.5,0.76923,0.375,0.16753,1,0,0,1,0.5,0.22,0,1
0,0.028593,0.0039491,0,0,0,0.00034686,1,1,0.044776,0,0.5,0.09,0.00147,1
1,0.30491,0.0047465,0.5,0.53846,0.375,0.0017343,0,0,0,0,0.5,0.055,0,1
1,0.59945,0.001329,0.5,0.38462,0.375,0.002428,1,0,0,0,0,0.115,0,2
1,0.32476,0.031707,0.5,0.92308,0.375,0.080819,0,0,0,0,0.5,0.05,0,1
1,0.027344,0.12018,0,0.23077,0.375,0.028789,0,1,0.014925,1,0.5,0.14,0.0008,1
0,0.32364,0.32903,0.5,0.38462,0.375,0.098162,1,0,0,0,0.5,0.08,0.0015,2
1,0.39218,0.00015189,0,0.15385,0.375,0.0058966,0,0,0,1,0.5,0.2055,0,1
1,0.60457,0.0077843,0,0.23077,0.375,0.0017343,1,1,0.16418,0,0.5,0.19,0.02732,2
1,0.25609,0.015758,0.5,0.53846,0.375,0.0086715,0,0,0,0,0.5,0,0.00044,1
