0,0,0,0.36815,0.26654,0.46376,0.84205,0.49495,0.77869,0.39082,0.54682,0.25291,0.28153,1
0,0,0,0.72389,0.34152,0.23252,0.41099,0.35877,0.75719,0.32585,0.59094,0.27515,0.53023,3
0,0,0,0.68478,0.48566,0.25242,0.63946,0.27135,0.59943,0.32993,0.45858,0.52088,0.28771,4
0,0,0,0.61194,0.50599,0.41884,0.65267,0.12481,0.50585,0.6568,0.34304,0.64682,0.41743,5
0,0,0,0.40492,0.5983,0.52425,0.64897,0.03335,0.54948,0.63231,0.52311,0.68104,0.42718,7
0,0,0,0.29742,0.5638,0.66641,0.83994,0.078828,0.45179,0.37483,0.68577,0.7488,0.44831,8
0,0,0,0.31639,0.53403,0.3951,0.55388,0.36685,0.79513,0.34864,0.66657,0.49487,0.40507,9
0,0,0,0.36604,0.48614,0.28305,0.78896,0.55382,0.76288,0.36429,0.59874,0.57255,0.27438,10
0,0,0,0.5103,0.47464,0.34354,0.56683,0.32668,0.7025,0.32721,0.59184,0.54586,0.27861,11
0,0,0,0.36487,0.25945,0.48162,0.8225,0.4813,0.82232,0.40272,0.54922,0.27926,0.28186,1
0,0,0,0.4623,0.26938,0.41526,0.73217,0.47398,0.86974,0.38844,0.61345,0.28713,0.43986,2
0,0,0,0.72037,0.35098,0.21822,0.40412,0.35953,0.77015,0.30918,0.60204,0.24298,0.53739,3
0,0,0,0.6808,0.48173,0.25038,0.63127,0.29459,0.51913,0.42279,0.38745,0.59274,0.29909,4
0,0,0,0.62553,0.53844,0.3734,0.61859,0.14149,0.58805,0.58673,0.37395,0.65777,0.34038,5
0,0,0,0.55855,0.51623,0.4464,0.58373,0.11572,0.56118,0.60612,0.31092,0.63963,0.39727,6
0,0,0,0.29508,0.55514,0.66718,0.8402,0.055836,0.44357,0.37585,0.70168,0.75667,0.45091,8
0,0,0,0.33443,0.51166,0.32848,0.53222,0.37317,0.7398,0.47721,0.54652,0.68617,0.35761,9
0,0,0,0.36019,0.48598,0.27616,0.80032,0.54851,0.7613,0.36871,0.61164,0.52943,0.30787,10
0,0,0,0.53044,0.46046,0.33691,0.5803,0.30773,0.67531,0.33163,0.65876,0.52806,0.27243,11
0,0,0,0.36206,0.25378,0.47116,0.84522,0.48838,0.79734,0.40068,0.55912,0.32067,0.27276,1
0,0,0,0.47916,0.26497,0.38693,0.69097,0.4621,0.87164,0.44966,0.60504,0.38364,0.408,2
0,0,0,0.7274,0.36374,0.19959,0.43317,0.39641,0.75561,0.30204,0.60114,0.25941,0.49707,3
0,0,0,0.67892,0.47574,0.24936,0.64131,0.28727,0.56181,0.3568,0.45048,0.56331,0.27081,4
0,0,0,0.60328,0.53891,0.34661,0.61278,0.18191,0.6105,0.49864,0.42347,0.59959,0.32347,5
0,0,0,0.54426,0.53639,0.42292,0.5523,0.14401,0.52292,0.67517,0.27341,0.62286,0.41547,6
0,0,0,0.36909,0.55514,0.5342,0.63946,0.10965,0.3013,0.74898,0.47239,0.6694,0.54519,7
0,0,0,0.28689,0.56695,0.6608,0.80349,0.02855,0.44641,0.40578,0.68908,0.74572,0.46651,8
0,0,0,0.35105,0.48677,0.33589,0.54305,0.34361,0.80114,0.40476,0.66417,0.60643,0.42945,9
0,0,0,0.55082,0.45699,0.3438,0.57528,0.29788,0.70376,0.31599,0.67497,0.4822,0.30982,11
0,0,0,0.37166,0.24874,0.45406,0.8365,0.48838,0.79387,0.42993,0.55642,0.35455,0.27211,1
0,0,0,0.50328,0.25599,0.36141,0.6524,0.4477,0.89346,0.45136,0.62695,0.4295,0.44896,2
0,0,0,0.73302,0.3661,0.18096,0.48072,0.40652,0.72589,0.32687,0.60864,0.25565,0.49025,3
0,0,0,0.68431,0.49134,0.22231,0.63286,0.31607,0.59437,0.33605,0.44688,0.52806,0.28153,4
0,0,0,0.51429,0.5523,0.40531,0.52377,0.20111,0.43693,0.73027,0.2524,0.564,0.49545,6
0,0,0,0.38689,0.5356,0.52118,0.65029,0.09146,0.37464,0.7085,0.48439,0.70363,0.5078,7
0,0,0,0.26628,0.56002,0.67356,0.78315,0.12986,0.24945,0.5983,0.46369,0.81725,0.5868,8
0,0,0,0.37307,0.44896,0.3438,0.55679,0.35018,0.78059,0.39116,0.71399,0.63244,0.42003,9
0,0,0,0.35691,0.48173,0.22818,0.79556,0.56847,0.71451,0.44626,0.52041,0.62252,0.31404,10
0,0,0,0.5904,0.46093,0.31291,0.55018,0.29384,0.72242,0.32109,0.68968,0.44832,0.37029,11
0,0,0,0.37892,0.24638,0.43517,0.82303,0.49318,0.78976,0.47619,0.53601,0.38364,0.24512,1
0,0,0,0.50703,0.26166,0.33742,0.62044,0.43987,0.88966,0.45952,0.63145,0.41718,0.48179,2
0,0,0,0.69227,0.34279,0.195,0.49208,0.405,0.72368,0.31395,0.61645,0.24914,0.5078,3
0,0,0,0.68197,0.49181,0.20214,0.65346,0.31986,0.59532,0.31633,0.48199,0.46543,0.29941,4
0,0,0,0.53864,0.50441,0.34609,0.60961,0.30723,0.61555,0.45204,0.37395,0.54209,0.37094,5
0,0,0,0.4103,0.5293,0.4829,0.61965,0.072259,0.454,0.67823,0.5081,0.71389,0.47757,7
0,0,0,0.23489,0.58617,0.64727,0.72372,0.0098535,0.44926,0.50578,0.63415,0.75941,0.44798,8
0,0,0,0.39063,0.41982,0.32338,0.55679,0.3431,0.76352,0.39388,0.73559,0.61396,0.4883,9
0,0,0,0.35761,0.48015,0.19372,0.79768,0.56266,0.70471,0.45714,0.55432,0.63587,0.2474,10
0,0,0,0.61241,0.44644,0.31598,0.54543,0.26074,0.67278,0.33571,0.68998,0.50068,0.36638,11
0,0,0,0.37635,0.23771,0.42139,0.8439,0.49874,0.78343,0.49014,0.53451,0.37269,0.22009,1
0,0,0,0.68126,0.33459,0.21465,0.49234,0.4141,0.73569,0.31293,0.63385,0.24846,0.52016,3
0,0,0,0.66581,0.47275,0.23762,0.67908,0.33047,0.56181,0.32823,0.4916,0.45654,0.30689,4
0,0,0,0.48478,0.49575,0.34609,0.62071,0.34563,0.65128,0.40238,0.39286,0.47741,0.36151,5
0,0,0,0.50258,0.57435,0.37902,0.50317,0.21021,0.5362,0.63401,0.26681,0.57495,0.49577,6
0,0,0,0.40703,0.54379,0.42547,0.55864,0.10536,0.51059,0.66633,0.4934,0.69781,0.45936,7
0,0,0,0.22787,0.58459,0.64395,0.67802,0,0.43946,0.56361,0.63505,0.74538,0.45091,8
0,0,0,0.38993,0.39887,0.32159,0.58954,0.36003,0.81252,0.38776,0.78812,0.45722,0.55039,9
0,0,0,0.31429,0.4937,0.21465,0.79794,0.54851,0.74834,0.3551,0.64676,0.51574,0.22074,10
0,0,0,0.59602,0.43951,0.32899,0.56788,0.26806,0.65634,0.32755,0.67767,0.50753,0.31502,11
0,0.071429,0,0.25972,0.23362,0.74043,0.48389,0.78626,0.71767,0.7483,0.39886,0.28371,0.329,1
0,0.071429,0,0.89906,0.19597,0.37876,0.26968,0.41839,0.62504,0.74524,0.63505,0.74298,0.56014,2
0,0.071429,0,0.76276,0.45195,0.22818,0.46989,0.50303,0.27126,0.53435,0.48439,0.487,0.38654,4
0,0.071429,0,0.59883,0.57719,0.63272,0.39065,0.26882,0.36042,0.48707,0.47239,0.71903,0.42198,5
0,0.071429,0,0.67681,0.40595,0.71644,0.34971,0.46716,0.26462,0.49082,0.30312,0.8436,0.55332,6
0,0.071429,0,0.48478,0.72275,0.38055,0.26809,0.48939,0.16567,0.56939,0.57743,0.73922,0.46586,7
0,0.071429,0,0.29742,0.72889,0.75881,0.23851,0.25442,0.29624,0.62381,0.60144,0.52533,0.75683,8
0,0.071429,0,0.2459,0.66336,0.67483,0.46091,0.29282,0.46696,0.55272,0.45918,0.74538,0.81372,9
0,0.071429,0,0.16183,0.55214,0.6123,0.50766,0.40399,0.65824,0.59014,0.46068,0.60712,0.79616,10
0,0.071429,0,0.49719,0.4195,0.64701,0.31511,0.45427,0.55201,0.5381,0.36555,0.58658,0.5026,11
0,0.071429,0,0.2192,0.22621,0.82057,0.54702,0.77489,0.66551,0.76463,0.40996,0.26899,0.33322,1
0,0.071429,0,0.83232,0.20951,0.3683,0.28764,0.45755,0.68195,0.7398,0.62815,0.654,0.49447,2
0,0.071429,0,0.82014,0.27725,0.39153,0.28077,0.54245,0.5128,0.57211,0.55732,0.47365,0.44148,3
0,0.071429,0,0.76323,0.4321,0.28382,0.39989,0.49848,0.31805,0.5068,0.4889,0.51848,0.41287,4
0,0.071429,0,0.59508,0.62539,0.5758,0.36476,0.2812,0.41796,0.47619,0.52251,0.64956,0.38947,5
0,0.071429,0,0.64871,0.4236,0.73328,0.28368,0.49015,0.23933,0.52279,0.33553,0.82307,0.53771,6
0,0.071429,0,0.48361,0.68526,0.46044,0.36371,0.3623,0.24534,0.43197,0.53091,0.88809,0.43173,7
0,0.071429,0,0.30656,0.7656,0.72001,0.19546,0.26276,0.34493,0.67959,0.63175,0.48871,0.72009,8
0,0.071429,0,0.22108,0.67486,0.67866,0.37956,0.32845,0.4325,0.55646,0.48589,0.66838,0.77243,9
0,0.071429,0,0.13138,0.58743,0.63808,0.55203,0.33527,0.71767,0.56565,0.39886,0.68275,0.63654,10
0,0.071429,0,0.51077,0.38737,0.71491,0.3402,0.38807,0.5694,0.64286,0.34694,0.47639,0.57055,11
0,0.071429,0,0.17283,0.25945,0.85375,0.6149,0.73396,0.66646,0.7449,0.32323,0.24709,0.34233,1
0,0.071429,0,0.78571,0.21062,0.37672,0.3093,0.49899,0.72621,0.71735,0.62065,0.60472,0.44538,2
0,0.071429,0,0.77213,0.43273,0.29224,0.36873,0.48358,0.34429,0.52449,0.45678,0.54894,0.4015,4
0,0.071429,0,0.58806,0.6465,0.53548,0.38061,0.29535,0.40341,0.46565,0.54382,0.60986,0.37549,5
0,0.071429,0,0.62225,0.37665,0.74196,0.36635,0.37443,0.27063,0.57211,0.28992,0.77789,0.5699,6
0,0.071429,0,0.50515,0.68967,0.50383,0.34971,0.29687,0.35884,0.43129,0.52581,0.85729,0.44603,7
0,0.071429,0,0.32108,0.79064,0.66565,0.19889,0.26806,0.36832,0.77245,0.65066,0.45106,0.68205,8
0,0.071429,0,0.12529,0.60035,0.65391,0.56498,0.30167,0.73633,0.53946,0.41086,0.63895,0.63589,10
0,0.071429,0,0.53607,0.43951,0.63425,0.27892,0.42016,0.63863,0.65306,0.33553,0.43361,0.53544,11
0,0.071429,0,0.1719,0.23945,0.9122,0.66482,0.7097,0.59848,0.66701,0.30882,0.14305,0.37711,1
0,0.071429,0,0.77658,0.1988,0.38719,0.33201,0.49672,0.74138,0.68844,0.63085,0.56708,0.46034,2
0,0.071429,0,0.76487,0.25614,0.366,0.31194,0.50707,0.55738,0.55272,0.54082,0.45654,0.46619,3
0,0.071429,0,0.7726,0.44549,0.2634,0.36767,0.50758,0.34967,0.5102,0.43697,0.54278,0.39207,4
0,0.071429,0,0.66183,0.39619,0.70419,0.3616,0.36256,0.31489,0.50204,0.33133,0.80664,0.57477,6
0,0.071429,0,0.49625,0.67549,0.55641,0.36793,0.29586,0.32596,0.44558,0.4982,0.87988,0.51625,7
0,0.071429,0,0.30304,0.75142,0.73915,0.23191,0.24684,0.26968,0.72857,0.68127,0.43977,0.69148,8
0,0.071429,0,0.22927,0.6788,0.744,0.50343,0.19025,0.43788,0.56803,0.45768,0.59617,0.70449,9
0,0.071429,0,0.10585,0.62539,0.66131,0.55626,0.33855,0.6165,0.59252,0.36825,0.6783,0.64564,10
0,0.071429,0,0.21007,0.18399,0.90123,0.687,0.71097,0.50553,0.57653,0.33013,0.092745,0.40085,1
0,0.071429,0,0.74028,0.21093,0.39535,0.36239,0.55811,0.75782,0.65646,0.63866,0.54209,0.41808,2
0,0.071429,0,0.79789,0.26859,0.37953,0.25938,0.51364,0.53241,0.55136,0.57893,0.45791,0.47659,3
0,0.071429,0,0.57681,0.70747,0.38566,0.3159,0.33729,0.50806,0.5119,0.45498,0.56674,0.27796,5
0,0.071429,0,0.66979,0.44171,0.65671,0.35235,0.42976,0.30383,0.45578,0.39796,0.84223,0.53381,6
0,0.071429,0,0.49321,0.66005,0.58193,0.38035,0.31076,0.27095,0.4449,0.46489,0.91923,0.52503,7
0,0.071429,0,0.24614,0.72511,0.70495,0.47623,0.21223,0.4834,0.68707,0.42437,0.6499,0.5959,9
0,0.071429,0,0.077518,0.68336,0.65008,0.48679,0.39212,0.5479,0.60782,0.41357,0.58385,0.69083,10
0,0.071429,0,0.49859,0.45794,0.60465,0.33333,0.41511,0.6361,0.49354,0.36645,0.58145,0.36281,11
0,0.071429,0,0.2466,0.14682,0.86447,0.66006,0.67888,0.56623,0.65714,0.28962,0.031828,0.38427,1
0,0.071429,0,0.64871,0.23078,0.427,0.43951,0.64123,0.78154,0.65714,0.61645,0.55031,0.36281,2
0,0.071429,0,0.82881,0.25236,0.42215,0.21976,0.44568,0.52988,0.58401,0.59274,0.50958,0.51073,3
0,0.071429,0,0.74005,0.43825,0.21593,0.35684,0.51162,0.3737,0.51565,0.42077,0.50171,0.44928,4
0,0.071429,0,0.56745,0.70384,0.34329,0.28949,0.39085,0.37717,0.61837,0.41267,0.58932,0.26723,5
0,0.071429,0,0.63747,0.47999,0.58882,0.33201,0.44821,0.30635,0.45952,0.45018,0.8217,0.45351,6
0,0.071429,0,0.50258,0.69518,0.5171,0.31379,0.34563,0.25008,0.54592,0.47029,0.89391,0.43856,7
0,0.071429,0,0.29227,0.82105,0.7537,0.22319,0.27413,0.24407,0.60476,0.65456,0.54107,0.80559,8
0,0.071429,0,0.25176,0.76497,0.53088,0.36212,0.36382,0.59026,0.6898,0.43517,0.6564,0.55527,9
0,0.071429,0,0.062529,0.72448,0.63859,0.39303,0.38757,0.59532,0.63741,0.47689,0.39699,0.66678,10
0,0.071429,0,0.50422,0.46503,0.54518,0.30481,0.54699,0.48309,0.46395,0.45588,0.62115,0.35338,11
0,0.14286,0,0.93888,0.16084,0,0.58584,0.44467,0.95005,0.63163,0.69838,0.078029,0.31664,1
0,0.14286,0,0.96815,0.28119,0.12277,0.45272,0.38984,0.8846,0.55306,0.81002,0.32307,0.53739,2
0,0.14286,0,0.80632,0.32451,0.26008,0.65663,0.44972,0.80304,0.46463,0.71098,0.31554,0.52666,3
0,0.14286,0,0.81358,0.48251,0.36779,0.65504,0.34159,0.59342,0.51429,0.66567,0.39733,0.54844,4
0,0.14286,0,0.65082,0.5356,0.57912,0.74775,0.24204,0.39393,0.38912,0.78601,0.52909,0.61931,5
0,0.14286,0,0.72272,0.50819,0.52884,0.75726,0.28853,0.42871,0.40578,0.76291,0.42539,0.5933,6
0,0.14286,0,0.60984,0.57971,0.6123,0.79107,0.16422,0.31616,0.34354,0.85354,0.56331,0.71586,7
0,0.14286,0,0.3274,0.78434,0.59469,0.78447,0.15766,0.14859,0.32517,0.81182,0.65127,0.51398,8
0,0.14286,0,0.50609,0.45274,0.45967,0.77971,0.24709,0.25071,0.62381,0.60624,0.75667,0.69506,9
0,0.14286,0,0.29016,0.5597,0.47652,0.62414,0.262,0.49162,0.76667,0.47809,1,0.60176,10
0,0.14286,0,0.52272,0.48346,0.41271,0.74908,0.30243,0.68258,0.45068,0.77401,0.50582,0.38492,11
0,0.14286,0,0.91639,0.15422,0.013783,0.62441,0.46716,0.97629,0.61973,0.66267,0.015058,0.36346,1
0,0.14286,0,0.98337,0.28198,0.11383,0.45668,0.37721,0.88682,0.53673,0.81242,0.31691,0.56144,2
0,0.14286,0,0.86885,0.33412,0.22154,0.61516,0.4141,0.77521,0.46803,0.72629,0.34223,0.52958,3
0,0.14286,0,0.67986,0.51938,0.58295,0.76651,0.2284,0.38413,0.35918,0.80912,0.53662,0.67685,5
0,0.14286,0,0.71569,0.52001,0.53446,0.72979,0.27337,0.46854,0.43912,0.77191,0.4165,0.60371,6
0,0.14286,0,0.5993,0.54033,0.62124,0.8196,0.21956,0.28391,0.31531,0.80732,0.59754,0.74187,7
0,0.14286,0,0.32248,0.79127,0.58806,0.77311,0.13694,0.17547,0.40918,0.7455,0.69747,0.51235,8
0,0.14286,0,0.44052,0.44156,0.49387,0.9065,0.3239,0.26936,0.53946,0.54172,0.68754,0.67165,9
0,0.14286,0,0.24379,0.5523,0.53548,0.69202,0.28196,0.44451,0.70748,0.45348,0.96475,0.56047,10
0,0.14286,0,0.54895,0.41982,0.42624,0.79345,0.3143,0.62567,0.37755,0.73589,0.6102,0.39792,11
0,0.14286,0,0.89415,0.15265,0.050281,0.6627,0.47322,1,0.64626,0.62665,0.031485,0.30039,1
0,0.14286,0,1,0.2856,0.11919,0.4551,0.36584,0.86405,0.53231,0.83944,0.33573,0.58225,2
0,0.14286,0,0.90843,0.33428,0.2098,0.62837,0.42041,0.74549,0.46871,0.71849,0.36687,0.52991,3
0,0.14286,0,0.85269,0.46141,0.36932,0.67855,0.30419,0.56813,0.44422,0.67467,0.45859,0.5673,4
0,0.14286,0,0.69883,0.51465,0.59495,0.78262,0.23674,0.36927,0.33639,0.79682,0.54757,0.66612,5
0,0.14286,0,0.74192,0.50788,0.52374,0.72636,0.27236,0.44072,0.44218,0.7593,0.45517,0.64564,6
0,0.14286,0,0.59297,0.47338,0.61179,0.90122,0.28247,0.27632,0.2432,0.7578,0.59582,0.78023,7
0,0.14286,0,0.32201,0.7834,0.57734,0.77364,0.10056,0.20613,0.54456,0.67917,0.72313,0.5039,8
0,0.14286,0,0.40585,0.46897,0.4926,0.95087,0.27388,0.37148,0.52143,0.56423,0.70602,0.54811,9
0,0.14286,0,0.20562,0.58475,0.57887,0.73455,0.34512,0.36105,0.72483,0.38145,0.9295,0.60793,10
0,0.14286,0,0.58712,0.40312,0.40301,0.78685,0.32516,0.59437,0.38707,0.67347,0.67009,0.32022,11
0,0.14286,0,0.88852,0.15044,0.059469,0.65531,0.48156,0.98135,0.66905,0.66507,0.043463,0.31925,1
0,0.14286,0,0.99532,0.28166,0.1368,0.4683,0.36559,0.86342,0.53878,0.84994,0.33641,0.57672,2
0,0.14286,0,0.93466,0.3316,0.2075,0.62044,0.43002,0.72684,0.50136,0.72869,0.4076,0.56567,3
0,0.14286,0,0.86885,0.45447,0.37876,0.6775,0.3143,0.54916,0.46531,0.64676,0.50034,0.59948,4
0,0.14286,0,0.71077,0.50819,0.59801,0.81035,0.2524,0.35283,0.29898,0.79202,0.55476,0.71034,5
0,0.14286,0,0.77752,0.48047,0.50255,0.75806,0.27211,0.44357,0.41837,0.73379,0.47023,0.65182,6
0,0.14286,0,0.33911,0.71298,0.56789,0.77364,0.11193,0.19317,0.60272,0.68487,0.76283,0.56112,8
0,0.14286,0,0.38923,0.50079,0.50485,0.89065,0.23421,0.53209,0.46939,0.64076,0.76591,0.35566,9
0,0.14286,0,0.19625,0.58869,0.59112,0.76862,0.37595,0.35662,0.69898,0.35384,0.93771,0.6541,10
0,0.14286,0,0.62037,0.41509,0.39484,0.72425,0.27287,0.64622,0.41531,0.70468,0.67317,0.29584,11
0,0.14286,0,0.89625,0.15013,0.056406,0.61965,0.46438,0.9883,0.68027,0.71699,0.060575,0.31827,1
0,0.14286,0,0.95738,0.26607,0.13604,0.52087,0.41991,0.89124,0.53197,0.87245,0.35763,0.54844,2
0,0.14286,0,0.92061,0.3264,0.2144,0.62784,0.43178,0.773,0.51224,0.7554,0.42402,0.56047,3
0,0.14286,0,0.87494,0.44597,0.37723,0.68965,0.32365,0.54347,0.47585,0.63475,0.49555,0.61053,4
0,0.14286,0,0.70398,0.48488,0.58397,0.84046,0.26225,0.36295,0.31156,0.7623,0.5989,0.67815,5
0,0.14286,0,0.79321,0.46566,0.46401,0.76387,0.27564,0.48909,0.4381,0.7461,0.45825,0.61899,6
0,0.14286,0,0.61756,0.48645,0.59214,0.85446,0.24533,0.30224,0.31565,0.85114,0.58966,0.78999,7
0,0.14286,0,0.39016,0.5041,0.50408,0.82964,0.2572,0.58236,0.52993,0.63415,0.80219,0.33843,9
0,0.14286,0,0.62787,0.43573,0.39587,0.69176,0.24583,0.68037,0.43197,0.73289,0.62936,0.29584,11
0,0.14286,0,0.93583,0.15532,0.016335,0.59245,0.44164,0.98071,0.69388,0.78932,0.086585,0.32445,1
0,0.14286,0,0.87049,0.30514,0.2315,0.68674,0.47372,0.82611,0.4983,0.7449,0.41205,0.57542,3
0,0.14286,0,0.86628,0.43573,0.366,0.70549,0.333,0.56181,0.48129,0.63025,0.48152,0.5933,4
0,0.14286,0,0.79789,0.44581,0.42981,0.73877,0.28752,0.50174,0.51293,0.67707,0.47399,0.64272,6
0,0.14286,0,0.64731,0.50221,0.58167,0.8056,0.24457,0.29719,0.33946,0.86224,0.57187,0.80169,7
0,0.14286,0,0.35972,0.69408,0.57325,0.79134,0.09525,0.19412,0.53605,0.70378,0.73854,0.62191,8
0,0.14286,0,0.41827,0.47227,0.47192,0.78764,0.27438,0.64496,0.48061,0.76561,0.73956,0.38134,9
0,0.14286,0,0.19555,0.54978,0.56611,0.72081,0.37064,0.31457,0.76735,0.39046,0.9141,0.69961,10
0,0.14286,0,0.63021,0.44014,0.38999,0.71447,0.25872,0.62757,0.43163,0.76291,0.5835,0.32445,11
0,0.21429,0,0.85785,0.13768,0.21133,0.43661,0.51187,0.75814,0.7102,0.76261,0.59617,0.39792,1
0,0.21429,0,0.77752,0.35633,0.36422,0.40359,0.68646,0.34745,0.64932,0.5051,0.42334,0.33322,3
0,0.21429,0,0.74496,0.47858,0.53624,0.30639,0.58287,0.3013,0.55544,0.35174,0.57495,0.36671,4
0,0.21429,0,0.62319,0.61484,0.6562,0.33016,0.31455,0.29371,0.45816,0.67647,0.56297,0.35468,5
0,0.21429,0,0.64333,0.51071,0.6414,0.39276,0.40045,0.2877,0.54014,0.56693,0.641,0.4041,6
0,0.21429,0,0.4726,0.51985,0.84661,0.5869,0.23295,0.27569,0.19966,0.62395,0.90965,0.61443,7
0,0.21429,0,0.38525,0.43762,0.87468,0.85526,0.22815,0.32058,0.028231,0.66417,0.81451,0.89044,8
0,0.21429,0,0.44778,0.47322,0.68249,0.40412,0.22132,0.51597,0.3983,0.71549,0.72074,0.68791,9
0,0.21429,0,0.37705,0.31758,0.57402,0.45985,0.39565,0.6674,0.51803,0.64136,0.74298,0.7604,10
0,0.21429,0,0.86745,0.1287,0.19372,0.43978,0.51693,0.76099,0.7119,0.77551,0.59343,0.39792,1
0,0.21429,0,0.88665,0.24102,0.34635,0.29715,0.43785,0.66045,0.62687,0.65606,0.64511,0.42328,2
0,0.21429,0,0.79555,0.34609,0.39714,0.40386,0.64477,0.43946,0.6034,0.51591,0.48905,0.30982,3
0,0.21429,0,0.75035,0.48645,0.48647,0.36503,0.56948,0.28991,0.55306,0.38325,0.59138,0.31242,4
0,0.21429,0,0.62108,0.56301,0.7389,0.3719,0.26529,0.30383,0.43639,0.68067,0.57598,0.39337,5
0,0.21429,0,0.65105,0.49575,0.68785,0.40465,0.37721,0.32058,0.53639,0.57173,0.70465,0.36346,6
0,0.21429,0,0.46159,0.47621,0.87953,0.65504,0.23724,0.27,0.17449,0.58733,0.89665,0.69018,7
0,0.21429,0,0.38548,0.41541,0.87928,0.89408,0.21703,0.29308,0.059184,0.60414,0.80459,0.9184,8
0,0.21429,0,0.65035,0.33774,0.66718,0.43133,0.33249,0.47487,0.44354,0.59964,0.69165,0.59038,11
0,0.21429,0,0.83255,0.12256,0.19602,0.46804,0.53689,0.78185,0.70476,0.78391,0.54791,0.38687,1
0,0.21429,0,0.89532,0.23456,0.35273,0.29424,0.43886,0.66962,0.64388,0.63295,0.65195,0.42393,2
0,0.21429,0,0.80726,0.34058,0.37928,0.42419,0.61319,0.47297,0.57687,0.55522,0.44901,0.33485,3
0,0.21429,0,0.7459,0.47637,0.50051,0.33756,0.6046,0.24692,0.55136,0.40696,0.5681,0.32152,4
0,0.21429,0,0.62763,0.48456,0.82338,0.4345,0.24204,0.24249,0.40408,0.65906,0.59411,0.50748,5
0,0.21429,0,0.66417,0.45936,0.71337,0.43951,0.33022,0.33544,0.4915,0.65036,0.67762,0.37549,6
0,0.21429,0,0.47588,0.41273,0.88693,0.72081,0.32213,0.26178,0.10306,0.4922,0.9011,0.79681,7
0,0.21429,0,0.38431,0.41588,0.88234,0.88906,0.21854,0.26494,0.089116,0.56363,0.81006,0.86899,8
0,0.21429,0,0.47822,0.36468,0.76468,0.5552,0.238,0.47708,0.40306,0.65126,0.70055,0.87419,9
0,0.21429,0,0.26815,0.3661,0.62226,0.49313,0.4472,0.68511,0.47891,0.64256,0.72621,0.64922,10
0,0.21429,0,0.79344,0.10964,0.22027,0.50951,0.55053,0.80525,0.70476,0.78361,0.51266,0.38199,1
0,0.21429,0,0.8808,0.23204,0.34712,0.29794,0.44341,0.6712,0.6483,0.64466,0.65572,0.421,2
0,0.21429,0,0.80117,0.32561,0.36907,0.42868,0.59171,0.48372,0.56395,0.56303,0.4141,0.38784,3
0,0.21429,0,0.73115,0.46771,0.5,0.31088,0.63466,0.22099,0.53401,0.40936,0.56331,0.30429,4
0,0.21429,0,0.64075,0.43667,0.85528,0.47702,0.24179,0.19033,0.39082,0.63565,0.60678,0.56469,5
0,0.21429,0,0.67845,0.43604,0.7098,0.43687,0.3431,0.28011,0.49966,0.63385,0.76352,0.36021,6
0,0.21429,0,0.50328,0.35948,0.8734,0.7533,0.39111,0.2858,0.069388,0.41987,0.87988,0.86443,7
0,0.21429,0,0.3829,0.41446,0.86753,0.8682,0.2428,0.27664,0,0.58553,0.84052,0.89954,8
0,0.21429,0,0.4815,0.36153,0.75089,0.53698,0.20743,0.53051,0.48095,0.66086,0.66427,0.83095,9
0,0.21429,0,0.2096,0.38138,0.65722,0.52879,0.45806,0.68037,0.43605,0.61645,0.7204,0.5894,10
0,0.21429,0,0.6096,0.33286,0.68657,0.45272,0.32239,0.51091,0.47415,0.57023,0.66975,0.58062,11
0,0.21429,0,0.763,0.10681,0.24094,0.53566,0.55154,0.81505,0.72415,0.77491,0.49624,0.37614,1
0,0.21429,0,0.87026,0.21912,0.34533,0.30639,0.44391,0.67088,0.64116,0.64436,0.65914,0.42393,2
0,0.21429,0,0.77049,0.31396,0.39229,0.45114,0.59348,0.5128,0.56633,0.56453,0.39391,0.38654,3
0,0.21429,0,0.63326,0.4414,0.85222,0.45959,0.22638,0.18242,0.43265,0.64496,0.57598,0.5686,5
0,0.21429,0,0.68384,0.38122,0.7246,0.46566,0.357,0.2896,0.46122,0.62425,0.79466,0.4132,6
0,0.21429,0,0.53349,0.31364,0.84635,0.77047,0.40677,0.28612,0.12721,0.39436,0.84839,0.89272,7
0,0.21429,0,0.48384,0.33664,0.74094,0.55679,0.18924,0.54632,0.52959,0.65516,0.62765,0.8173,9
0,0.21429,0,0.19133,0.38374,0.67483,0.53275,0.43406,0.69175,0.44014,0.61555,0.705,0.57737,10
0,0.21429,0,0.58712,0.34515,0.70291,0.4551,0.34639,0.52292,0.48401,0.59004,0.64134,0.56437,11
0,0.21429,0,0.73841,0.1046,0.25268,0.556,0.55558,0.83402,0.73571,0.77911,0.48631,0.37126,1
0,0.21429,0,0.86042,0.20747,0.34763,0.3159,0.44189,0.66424,0.63503,0.64916,0.65229,0.4184,2
0,0.21429,0,0.62225,0.44203,0.84201,0.4691,0.23219,0.15302,0.43707,0.65636,0.56913,0.57347,5
0,0.21429,0,0.67166,0.32483,0.72996,0.50211,0.36887,0.35251,0.44116,0.63625,0.75359,0.45936,6
0,0.21429,0,0.55667,0.30372,0.82185,0.75092,0.35649,0.25545,0.23673,0.45978,0.86687,0.83388,7
0,0.21429,0,0.40492,0.37823,0.86422,0.89857,0.18747,0.2485,0.089796,0.58223,0.84086,0.88557,8
0,0.28571,1,0.50984,0,0.70189,0.7739,0.70414,0.77711,0.4,0.2476,0.29877,0.71424,1
0,0.28571,1,0.49016,0.25677,0.73099,0.75436,0.7567,0.39298,0.21156,0.22419,0.33402,0.60111,2
0,0.28571,1,0.6089,0.26906,0.69372,0.72689,0.619,0.1448,0.31259,0.32233,0.45448,0.65897,3
0,0.28571,1,0.85363,0.3472,0.58857,0.33122,0.49596,0.17673,0.57177,0.37395,0.31451,0.63784,4
0,0.28571,1,0.57447,0.52631,0.55564,0.22874,0.36382,0.29308,0.82245,0.43968,0.39665,0.51593,5
0,0.28571,1,0.6356,0.45384,0.47626,0.25436,0.48029,0.21625,0.91735,0.42467,0.27515,0.70709,6
0,0.28571,1,0.39297,0.56601,0.91169,0.4374,0.27135,0.12868,0.51395,0.77971,0.46886,0.32802,7
0,0.28571,1,0.30867,0.78198,0.65493,0.33228,0.26124,0.10054,0.59014,0.86315,0.46407,0.49122,8
0,0.28571,1,0.26511,0.6202,0.62251,0.28896,0.59651,0.53652,0.63673,0.51861,0.36516,0.24447,9
0,0.28571,1,0.24614,0.64398,0.77693,0.5317,0.68494,0.41511,0.43027,0.62335,0.21013,0.29226,10
0,0.28571,1,0.53888,0.34531,0.59954,0.27126,0.56645,0.35599,0.66497,0.61525,0.2447,0.48472,11
0,0.28571,1,0.47986,0.021582,0.71133,0.75251,0.71122,0.78438,0.37075,0.23259,0.37406,0.75455,1
0,0.28571,1,0.46534,0.27741,0.84456,0.72187,0.72764,0.37559,0.19082,0.21939,0.38467,0.60208,2
0,0.28571,1,0.59251,0.28434,0.69908,0.69942,0.65589,0.15713,0.30102,0.26291,0.46783,0.6801,3
0,0.28571,1,0.85105,0.34357,0.56049,0.37401,0.47271,0.19064,0.58639,0.37245,0.33744,0.62354,4
0,0.28571,1,0.55035,0.53009,0.52986,0.25647,0.37494,0.36453,0.80068,0.41927,0.38741,0.46424,5
0,0.28571,1,0.64778,0.43746,0.46197,0.25066,0.50202,0.26367,0.86769,0.40636,0.34702,0.60306,6
0,0.28571,1,0.29344,0.81853,0.67305,0.30217,0.23396,0.18558,0.5915,0.73709,0.53525,0.53349,8
0,0.28571,1,0.23958,0.6161,0.76289,0.51796,0.72309,0.38919,0.51395,0.62905,0.25291,0.24935,10
0,0.28571,1,0.53583,0.34546,0.5758,0.29107,0.55634,0.34809,0.65986,0.59544,0.20568,0.49512,11
0,0.28571,1,0.42646,0.050095,0.75625,0.78077,0.70364,0.7398,0.3017,0.20678,0.45106,0.74642,1
0,0.28571,1,0.59063,0.28387,0.67483,0.76862,0.62557,0.13405,0.35612,0.23439,0.45722,0.68336,3
0,0.28571,1,0.82389,0.32782,0.62506,0.35869,0.49343,0.1467,0.56259,0.40396,0.34292,0.64369,4
0,0.28571,1,0.53489,0.54757,0.49898,0.24379,0.40627,0.44926,0.79932,0.34814,0.38946,0.4327,5
0,0.28571,1,0.62201,0.42454,0.43058,0.31062,0.51769,0.34145,0.78503,0.35444,0.31006,0.5998,6
0,0.28571,1,0.41499,0.62776,0.9071,0.37982,0.25442,0.19728,0.54388,0.82023,0.43121,0.40962,7
0,0.28571,1,0.26792,0.81632,0.61817,0.27232,0.24356,0.28486,0.69558,0.68908,0.56229,0.48537,8
0,0.28571,1,0.26768,0.60491,0.61741,0.33201,0.56923,0.43756,0.67687,0.56122,0.36619,0.25488,9
0,0.28571,1,0.21007,0.56648,0.7828,0.44585,0.71475,0.4325,0.49966,0.63235,0.23819,0.18563,10
0,0.28571,1,0.51311,0.36342,0.57402,0.29662,0.55963,0.3386,0.64932,0.55702,0.20055,0.49707,11
0,0.28571,1,0.40422,0.065217,0.78331,0.76862,0.68343,0.73222,0.29728,0.20738,0.44319,0.73309,1
0,0.28571,1,0.50632,0.21393,0.88515,0.68727,0.72966,0.4208,0.27993,0.2482,0.35763,0.49772,2
0,0.28571,1,0.55597,0.28387,0.69627,0.80243,0.5955,0.092001,0.30408,0.31873,0.48836,0.69246,3
0,0.28571,1,0.84309,0.3316,0.62047,0.35948,0.52628,0.13057,0.62109,0.36044,0.33539,0.61801,4
0,0.28571,1,0.53208,0.54049,0.51965,0.31696,0.31506,0.48467,0.80272,0.37755,0.2974,0.48342,5
0,0.28571,1,0.5548,0.41226,0.45278,0.37295,0.56923,0.39425,0.70578,0.36495,0.2115,0.57607,6
0,0.28571,1,0.38033,0.69345,0.86064,0.3225,0.2433,0.19633,0.54014,0.79142,0.33265,0.46391,7
0,0.28571,1,0.23162,0.81285,0.63885,0.33413,0.25139,0.24755,0.69932,0.69538,0.57769,0.47269,8
0,0.28571,1,0.26323,0.60318,0.66616,0.33228,0.56721,0.41416,0.64694,0.53661,0.39014,0.25813,9
0,0.28571,1,0.18009,0.61137,0.78688,0.42261,0.69808,0.47898,0.47517,0.62035,0.26865,0.1814,10
0,0.28571,1,0.52342,0.36342,0.5781,0.34601,0.55786,0.28075,0.68571,0.54322,0.17385,0.50553,11
0,0.28571,1,0.35644,0.10633,0.81138,0.71738,0.69025,0.74297,0.26701,0.17887,0.43053,0.77438,1
0,0.28571,1,0.45269,0.25173,0.90199,0.67644,0.72057,0.31742,0.23741,0.27371,0.31691,0.55039,2
0,0.28571,1,0.45948,0.36484,0.78509,0.74406,0.5432,0.0047423,0.32517,0.39736,0.57529,0.65182,3
0,0.28571,1,0.8466,0.34011,0.58397,0.42472,0.50834,0.11445,0.66837,0.35414,0.34326,0.58875,4
0,0.28571,1,0.35808,0.77914,0.64523,0.23798,0.30874,0.27316,0.69014,0.58433,0.30493,0.44278,7
0,0.28571,1,0.23443,0.81018,0.67662,0.35975,0.22132,0.23206,0.61667,0.66387,0.58316,0.49447,8
0,0.28571,1,0.2534,0.62382,0.71337,0.33914,0.56695,0.38856,0.59048,0.48049,0.38843,0.25065,9
0,0.28571,1,0.16721,0.67612,0.7902,0.40254,0.70743,0.48846,0.51259,0.64646,0.31109,0.20871,10
0,0.28571,1,0.55386,0.3598,0.57887,0.35024,0.56038,0.28833,0.67313,0.54082,0.14784,0.53934,11
0,0.28571,1,0.3555,0.11122,0.82032,0.69863,0.69202,0.73917,0.24932,0.15906,0.43361,0.80234,1
0,0.28571,1,0.39063,0.29899,0.80679,0.74538,0.70237,0.12362,0.24966,0.31122,0.32957,0.68368,2
0,0.28571,1,0.44918,0.3472,0.76799,0.76307,0.6003,0.055327,0.30408,0.35984,0.50684,0.61053,3
0,0.28571,1,0.82037,0.3494,0.59903,0.41204,0.51415,0.11224,0.59762,0.39826,0.3152,0.60793,4
0,0.28571,1,0.53138,0.53009,0.54467,0.27602,0.38327,0.39108,0.81667,0.44538,0.29055,0.46977,5
0,0.28571,1,0.45855,0.36216,0.56177,0.56049,0.5283,0.43471,0.68469,0.35324,0.22861,0.51105,6
0,0.28571,1,0.363,0.71519,0.6049,0.30956,0.34664,0.29339,0.75612,0.5024,0.35352,0.32282,7
0,0.28571,1,0.23302,0.77379,0.68377,0.36609,0.22638,0.16314,0.56633,0.69718,0.5729,0.48797,8
0,0.28571,1,0.26557,0.60113,0.64472,0.39382,0.59247,0.38856,0.63299,0.5078,0.32683,0.23277,9
0,0.28571,1,0.15621,0.68053,0.89714,0.36793,0.65033,0.54379,0.49082,0.65366,0.39493,0.18888,10
0,0.28571,1,0.58548,0.35365,0.62889,0.38616,0.56291,0.21752,0.65272,0.53091,0.19268,0.46294,11
0,0.35714,1,0.44239,0.15296,0.50715,0.62652,0.77009,0.57445,0.88299,0.064226,0.20842,0.58257,1
0,0.35714,1,0.32014,0.36704,0.58627,0.81722,0.69328,0.65792,0.24694,0.23619,0.16598,0.57087,2
0,0.35714,1,0.59625,0.32231,0.37723,0.71738,0.6099,0.53462,0.36429,0.33103,0.30527,0.67848,3
0,0.35714,1,0.63653,0.4184,0.39765,0.49498,0.44416,0.26494,0.58639,0.17917,0.44593,0.6593,4
0,0.35714,1,0.54005,0.56474,0.46682,0.37797,0.25417,0.34334,0.68163,0.53331,0.49829,0.3264,5
0,0.35714,1,0.59157,0.51118,0.41603,0.38088,0.3762,0.41733,0.57143,0.43577,0.47741,0.43466,6
0,0.35714,1,0.4267,0.63579,0.45355,0.36529,0.37544,0.29972,0.78639,0.52101,0.51437,0.22789,7
0,0.35714,1,0.2267,0.72905,0.52884,0.60935,0.27792,0.17547,0.71871,0.53211,0.74504,0.51853,8
0,0.35714,1,0.34426,0.62602,0.22818,0.57871,0.4621,0.69997,0.58537,0.82563,0.50616,0.12451,9
0,0.35714,1,0.12108,0.70936,0.34048,0.55758,0.65159,0.35852,0.67721,0.38836,0.46167,0.091352,10
0,0.35714,1,0.51499,0.45715,0.4219,0.62969,0.46185,0.55707,0.58197,0.63896,0.47023,0.17425,11
0,0.35714,1,0.45504,0.18825,0.45789,0.57369,0.80091,0.6418,0.82619,0,0.19849,0.61086,1
0,0.35714,1,0.37307,0.34499,0.53267,0.83994,0.70566,0.7496,0.39048,0.28541,0.11431,0.51073,2
0,0.35714,1,0.5897,0.32215,0.41271,0.72636,0.61748,0.55675,0.41122,0.33733,0.23169,0.67588,3
0,0.35714,1,0.63138,0.41178,0.42037,0.50713,0.41309,0.29529,0.53878,0.18397,0.45517,0.60078,4
0,0.35714,1,0.54543,0.54175,0.48443,0.41786,0.24305,0.26873,0.71701,0.53872,0.52019,0.3459,5
0,0.35714,1,0.61358,0.48566,0.46656,0.36793,0.36736,0.45021,0.55136,0.44268,0.51985,0.42523,6
0,0.35714,1,0.43489,0.64965,0.40837,0.3748,0.39818,0.35694,0.82925,0.48409,0.44867,0.21359,7
0,0.35714,1,0.23021,0.69077,0.53777,0.67855,0.23724,0.14986,0.6983,0.54022,0.78097,0.52211,8
0,0.35714,1,0.1178,0.71566,0.34865,0.55732,0.6478,0.31995,0.71054,0.38926,0.49452,0.063719,10
0,0.35714,1,0.5178,0.44077,0.41373,0.64025,0.43633,0.53652,0.58197,0.66957,0.4781,0.21782,11
0,0.35714,1,0.43653,0.17565,0.5291,0.61569,0.78322,0.57351,0.83878,0.02461,0.11807,0.63654,1
0,0.35714,1,0.39649,0.31348,0.5416,0.84443,0.68494,0.79482,0.48571,0.38325,0.03833,0.54681,2
0,0.35714,1,0.60867,0.42171,0.41271,0.4963,0.4242,0.31868,0.50238,0.19118,0.43771,0.57445,4
0,0.35714,1,0.55082,0.55592,0.46223,0.39805,0.26301,0.27727,0.77177,0.47959,0.50376,0.3394,5
0,0.35714,1,0.6356,0.46723,0.47984,0.37744,0.35801,0.45779,0.55442,0.46969,0.53149,0.38134,6
0,0.35714,1,0.46253,0.63311,0.42905,0.31933,0.43987,0.37749,0.82517,0.54292,0.45038,0.19668,7
0,0.35714,1,0.23958,0.70936,0.51838,0.65663,0.18747,0.23143,0.67891,0.55552,0.79192,0.44213,8
0,0.35714,1,0.3363,0.54537,0.37519,0.55362,0.42016,0.64021,0.46939,0.89016,0.54381,0.17425,9
0,0.35714,1,0.10937,0.73393,0.40863,0.52298,0.59677,0.32216,0.64422,0.40006,0.62149,0,10
0,0.35714,1,0.50703,0.431,0.42471,0.61912,0.42623,0.53272,0.5517,0.64766,0.4911,0.23602,11
0,0.35714,1,0.37869,0.17911,0.62762,0.64105,0.80748,0.49289,0.75918,0.093337,0.061602,0.62711,1
0,0.35714,1,0.41803,0.29269,0.51506,0.84126,0.68039,0.79734,0.5466,0.41236,0.04449,0.50033,2
0,0.35714,1,0.49766,0.3598,0.47473,0.77047,0.62279,0.50047,0.35986,0.29112,0.18001,0.75585,3
0,0.35714,1,0.57635,0.43305,0.41833,0.4683,0.46791,0.27063,0.52177,0.15336,0.45243,0.60046,4
0,0.35714,1,0.55386,0.58349,0.43568,0.33175,0.30874,0.34018,0.77653,0.43007,0.513,0.30364,5
0,0.35714,1,0.63232,0.43872,0.49311,0.43185,0.35169,0.4638,0.52075,0.54412,0.50479,0.33453,6
0,0.35714,1,0.48876,0.63122,0.41603,0.28394,0.45856,0.44989,0.81156,0.53061,0.49247,0.2539,7
0,0.35714,1,0.24262,0.72369,0.52093,0.63312,0.16347,0.30635,0.69524,0.56963,0.7885,0.39597,8
0,0.35714,1,0.33583,0.52583,0.38387,0.59562,0.44315,0.56782,0.50918,0.78752,0.63655,0.19181,9
0,0.35714,1,0.099063,0.77284,0.45355,0.4514,0.62986,0.22605,0.65986,0.38325,0.59446,0.11704,10
0,0.35714,1,0.51639,0.42234,0.41143,0.62176,0.41233,0.49225,0.5949,0.61315,0.53936,0.20351,11
0,0.35714,1,0.33489,0.19896,0.6608,0.66667,0.79914,0.47012,0.73197,0.063325,0.1167,0.56242,1
0,0.35714,1,0.49649,0.34798,0.48826,0.73138,0.6425,0.50585,0.35952,0.34484,0.10883,0.77243,3
0,0.35714,1,0.55293,0.42848,0.43262,0.49947,0.44517,0.27885,0.51293,0.15966,0.46612,0.5829,4
0,0.35714,1,0.54496,0.58255,0.43977,0.34363,0.28095,0.37844,0.76497,0.42797,0.5462,0.27081,5
0,0.35714,1,0.59836,0.39965,0.50026,0.49472,0.38277,0.4755,0.46837,0.64526,0.40965,0.35241,6
0,0.35714,1,0.46019,0.64115,0.41348,0.31801,0.45755,0.51976,0.80306,0.40666,0.51164,0.30267,7
0,0.35714,1,0.24333,0.7029,0.53905,0.64369,0.18115,0.26684,0.69728,0.57863,0.82649,0.45514,8
0,0.35714,1,0.31593,0.4844,0.45176,0.67142,0.47928,0.5558,0.44694,0.76741,0.61841,0.2422,9
0,0.35714,1,0.087822,0.81049,0.46018,0.42023,0.62557,0.20866,0.63061,0.40576,0.54381,0.1788,10
0,0.35714,1,0.52412,0.40611,0.41807,0.63207,0.40904,0.45084,0.60714,0.60654,0.577,0.18628,11
0,0.35714,1,0.31686,0.21881,0.64752,0.68119,0.78373,0.48656,0.72177,0.030612,0.15092,0.52146,1
0,0.35714,1,0.42319,0.2804,0.48392,0.8019,0.70414,0.72463,0.54592,0.5024,0.040726,0.39889,2
0,0.35714,1,0.52904,0.32309,0.44589,0.71844,0.64452,0.53399,0.41429,0.36345,0.05373,0.74642,3
0,0.35714,1,0.51663,0.43258,0.45202,0.51347,0.43835,0.28138,0.50442,0.18217,0.45277,0.5959,4
0,0.35714,1,0.54169,0.58207,0.42802,0.3608,0.2433,0.40594,0.75748,0.45348,0.52533,0.26138,5
0,0.35714,1,0.53981,0.37429,0.50944,0.52404,0.43987,0.50806,0.47721,0.68127,0.36721,0.3498,6
0,0.35714,1,0.4096,0.61783,0.52067,0.37216,0.43229,0.5068,0.71633,0.36645,0.52464,0.28674,7
0,0.35714,1,0.26581,0.72621,0.45916,0.55098,0.16549,0.41005,0.75476,0.60534,0.7974,0.4132,8
0,0.35714,1,0.31967,0.42533,0.47984,0.75092,0.5192,0.62156,0.34082,0.73589,0.50992,0.421,9
0,0.35714,1,0.52248,0.40391,0.41986,0.62441,0.41334,0.44515,0.61361,0.59574,0.58077,0.18856,11
0,0.42857,1,0.46909,0.10491,0.50306,0.66218,0.9237,0.60228,0.58605,0.10384,0.46715,0.52698,1
0,0.42857,1,0.61874,0.18336,0.42011,0.5655,0.81834,0.56813,0.49728,0.43247,0.24641,0.64824,2
0,0.42857,1,0.70281,0.30482,0.48647,0.67301,0.59752,0.2877,0.3102,0.27821,0.44045,0.72724,3
0,0.42857,1,0.77892,0.54946,0.46299,0.41099,0.5,0.13784,0.6085,0.35864,0.25291,0.62581,4
0,0.42857,1,0.6377,0.64524,0.57376,0.285,0.19505,0.35409,0.55714,0.66837,0.22142,0.44538,5
0,0.42857,1,0.67354,0.6569,0.55947,0.26123,0.37443,0.37528,0.56361,0.52221,0.16667,0.58192,6
0,0.42857,1,0.58454,0.56695,0.81368,0.43529,0.17711,0.19538,0.41497,0.84304,0.49658,0.31762,7
0,0.42857,1,0.23443,0.71881,0.60771,0.042789,0.36483,0.43471,0.71973,0.63776,0.54004,0.29779,8
0,0.42857,1,0.28735,0.56144,0.60847,0.18542,0.61243,0.36453,0.81429,0.80912,0.1232,0.44928,9
0,0.42857,1,0.057845,0.63863,0.75574,0.38457,0.64275,0.16061,0.63639,0.53031,0.12081,0.47432,10
0,0.42857,1,0.62834,0.40359,0.59801,0.32699,0.51794,0.34651,0.50748,0.59244,0.073238,0.52471,11
0,0.42857,1,0.41686,0.12193,0.54237,0.68199,0.93911,0.56655,0.57789,0.13205,0.42745,0.57347,1
0,0.42857,1,0.76932,0.54285,0.48903,0.44004,0.49722,0.10844,0.61463,0.34214,0.3217,0.54454,4
0,0.42857,1,0.63208,0.64587,0.59112,0.27047,0.15968,0.38476,0.54558,0.65786,0.24333,0.41222,5
0,0.42857,1,0.66932,0.65706,0.52425,0.32118,0.35675,0.37781,0.61122,0.46999,0.13929,0.6632,6
0,0.42857,1,0.58618,0.57813,0.82057,0.46091,0.17433,0.15555,0.38299,0.82893,0.54449,0.31307,7
0,0.42857,1,0.20375,0.75425,0.51914,0.095615,0.4189,0.42555,0.73299,0.62845,0.41547,0.29356,8
0,0.42857,1,0.27307,0.54616,0.68581,0.17538,0.59171,0.38666,0.73537,0.83133,0.13895,0.45839,9
0,0.42857,1,0.044731,0.60255,0.7782,0.33624,0.67155,0.24407,0.64966,0.57743,0.0705,0.45936,10
0,0.42857,1,0.59625,0.45794,0.53675,0.34284,0.53714,0.33829,0.53401,0.53151,0.018823,0.61736,11
0,0.42857,1,0.38056,0.14083,0.54313,0.71738,0.93835,0.5773,0.58401,0.13866,0.39083,0.61053,1
0,0.42857,1,0.54379,0.19455,0.50868,0.56207,0.81632,0.58141,0.38163,0.41717,0.25941,0.6619,2
0,0.42857,1,0.68595,0.30671,0.43109,0.71183,0.61521,0.26747,0.38299,0.20498,0.46099,0.73602,3
0,0.42857,1,0.7555,0.54112,0.48137,0.48415,0.46286,0.10971,0.59354,0.32323,0.35969,0.57185,4
0,0.42857,1,0.6548,0.5972,0.56202,0.39461,0.3095,0.35378,0.62551,0.46218,0.13895,0.66678,6
0,0.42857,1,0.57026,0.60444,0.77055,0.44532,0.16599,0.14796,0.42823,0.83193,0.49589,0.28706,7
0,0.42857,1,0.19368,0.78686,0.40378,0.11727,0.49697,0.42175,0.79796,0.58613,0.34223,0.27601,8
0,0.42857,1,0.25855,0.54253,0.68734,0.15795,0.62178,0.46443,0.65952,0.71729,0.097878,0.53316,9
0,0.42857,1,0.033255,0.5345,0.84558,0.29979,0.68292,0.31015,0.62755,0.68848,0.068789,0.44668,10
0,0.42857,1,0.56183,0.50851,0.46605,0.40095,0.53461,0.29908,0.58639,0.41687,0.025667,0.73862,11
0,0.42857,1,0.4822,0.21424,0.55181,0.60143,0.81127,0.50237,0.34524,0.38655,0.27105,0.70319,2
0,0.42857,1,0.62131,0.31963,0.46631,0.73296,0.54699,0.26083,0.37211,0.22869,0.5308,0.68205,3
0,0.42857,1,0.61124,0.63154,0.55258,0.30481,0.11546,0.33671,0.5915,0.69118,0.25394,0.39629,5
0,0.42857,1,0.62998,0.55844,0.56406,0.44348,0.30773,0.35093,0.64116,0.37965,0.14921,0.68661,6
0,0.42857,1,0.53607,0.61358,0.68938,0.40438,0.16422,0.20961,0.5381,0.80222,0.3347,0.30007,7
0,0.42857,1,0.18595,0.79379,0.3221,0.14686,0.54775,0.43377,0.82381,0.54802,0.29295,0.28966,8
0,0.42857,1,0.26721,0.55577,0.5633,0.18146,0.71324,0.48024,0.60544,0.59484,0.055784,0.60793,9
0,0.42857,1,0.030679,0.55372,0.88259,0.27338,0.66397,0.33576,0.57177,0.64346,0.10062,0.44863,10
0,0.42857,1,0.53419,0.51796,0.4561,0.42657,0.51516,0.31268,0.57109,0.37875,0.060233,0.7461,11
0,0.42857,1,0.22576,0.19534,0.69806,0.73455,1,0.63326,0.55238,0.23259,0.44387,0.65897,1
0,0.42857,1,0.47494,0.22495,0.52935,0.61595,0.81304,0.44831,0.37075,0.36255,0.24264,0.77146,2
0,0.42857,1,0.63162,0.28859,0.43645,0.71527,0.54421,0.3424,0.35714,0.19208,0.54244,0.70254,3
0,0.42857,1,0.74239,0.5345,0.48545,0.51717,0.42875,0.1723,0.52211,0.31783,0.295,0.62841,4
0,0.42857,1,0.60211,0.62665,0.54671,0.31141,0.12077,0.28454,0.61633,0.67377,0.32923,0.36053,5
0,0.42857,1,0.51194,0.62776,0.59724,0.36318,0.19884,0.2798,0.6466,0.71789,0.20294,0.3342,7
0,0.42857,1,0.18642,0.78938,0.29964,0.15689,0.57984,0.45084,0.85442,0.51411,0.26968,0.30299,8
0,0.42857,1,0.012412,0.59263,0.90633,0.28156,0.62633,0.32121,0.50578,0.63325,0.10438,0.46521,10
0,0.42857,1,0.53958,0.51449,0.40403,0.42631,0.54017,0.3737,0.51224,0.34364,0.12012,0.70449,11
0,0.42857,1,0.12272,0.26465,0.86166,0.75885,0.94618,0.5871,0.48163,0.26861,0.44695,0.64142,1
0,0.42857,1,0.49532,0.21692,0.5194,0.60433,0.80697,0.42144,0.42211,0.36795,0.21903,0.77731,2
0,0.42857,1,0.64614,0.24464,0.4293,0.67353,0.59778,0.31995,0.48741,0.16236,0.43771,0.78381,3
0,0.42857,1,0.59789,0.63217,0.53726,0.29028,0.12304,0.28991,0.61667,0.65336,0.36893,0.36801,5
0,0.42857,1,0.52201,0.51591,0.40123,0.42182,0.54624,0.41195,0.47857,0.18127,0.31793,0.76203,6
0,0.42857,1,0.49485,0.59846,0.55411,0.28711,0.26402,0.35441,0.67415,0.64226,0.22656,0.31632,7
0,0.42857,1,0.18923,0.76812,0.39357,0.12546,0.54775,0.39361,0.86395,0.52911,0.38877,0.34428,8
0,0.42857,1,0.23677,0.54742,0.55564,0.26862,0.78196,0.48561,0.41122,0.42677,0.24538,0.59493,9
0,0.42857,1,0,0.60145,0.84405,0.2842,0.65033,0.33576,0.56599,0.65516,0.07666,0.44733,10
0,0.42857,1,0.57588,0.48078,0.45151,0.38722,0.53512,0.3914,0.56395,0.40306,0.060917,0.63752,11
0,0.5,1,0.035831,0.55293,0.98724,0.87005,0.47196,0.1116,0.33163,0.42497,0.53046,0.7617,1
0,0.5,1,0.24122,0.45999,0.82261,0.71183,0.72031,0.10275,0.1398,0.253,0.33025,0.86964,2
0,0.5,1,0.34145,0.33113,0.62404,0.74353,0.5902,0.096744,0.34592,0.26801,0.41992,0.89402,3
0,0.5,1,0.40211,0.39083,0.47984,0.43608,0.42875,0.30572,0.60306,0.55162,0.34908,0.76658,4
0,0.5,1,0.56159,0.56727,0.31674,0.32356,0.34664,0.41954,0.93163,0.22059,0.32307,0.56372,5
0,0.5,1,0.48665,0.51307,0.27795,0.43925,0.36887,0.4325,0.6551,0.33463,0.35216,0.82055,6
0,0.5,1,0.34239,0.67612,0.44206,0.25277,0.36913,0.33038,0.77483,0.65816,0,0.58778,7
0,0.5,1,0.19625,0.9321,0.43262,0.020338,0.48636,0.45305,0.5881,0.72809,0.16496,0.45514,8
0,0.5,1,0.174,0.84987,0.52757,0.055996,0.62279,0.454,0.48537,0.48229,0.12491,0.54226,9
0,0.5,1,0.072365,0.908,0.49081,0.23059,0.49596,0.17009,0.80918,0.34064,0.24196,0.66255,10
0,0.5,1,0.25433,0.56301,0.59214,0.30085,0.56342,0.36548,0.36395,0.31182,0.40999,0.82672,11
0,0.5,1,0.020375,0.56601,0.99541,0.84865,0.46741,0.15997,0.26905,0.45438,0.57255,0.69571,1
0,0.5,1,0.19157,0.53733,0.78025,0.74115,0.61142,0,0.19422,0.2497,0.45722,0.93108,2
0,0.5,1,0.29274,0.37051,0.66284,0.69757,0.59045,0.052482,0.34048,0.28902,0.4603,0.90312,3
0,0.5,1,0.36464,0.39319,0.48826,0.43767,0.46185,0.31426,0.57517,0.55402,0.35352,0.74675,4
0,0.5,1,0.51756,0.55718,0.3341,0.34152,0.30445,0.43377,0.9602,0.23619,0.35832,0.513,5
0,0.5,1,0.42014,0.51323,0.34176,0.43397,0.34083,0.39425,0.69082,0.42707,0.31109,0.79454,6
0,0.5,1,0.31007,0.70038,0.44615,0.18991,0.39894,0.36864,0.71633,0.68217,0.0013689,0.63817,7
0,0.5,1,0.1726,0.92045,0.36192,0,0.57201,0.59595,0.54694,0.65126,0.088296,0.49187,8
0,0.5,1,0.1733,0.84594,0.42828,0.13946,0.70061,0.43471,0.53639,0.43067,0.019849,0.53869,9
0,0.5,1,0.061827,0.93116,0.52144,0.12044,0.50733,0.18558,0.72483,0.46909,0.28405,0.63231,10
0,0.5,1,0.24309,0.56285,0.5587,0.33782,0.56822,0.36516,0.39082,0.28962,0.38775,0.86801,11
0,0.5,1,0.018735,0.546,0.9829,0.88352,0.38807,0.15239,0.29252,0.43307,0.61294,0.6697,1
0,0.5,1,0.1911,0.49433,0.76314,0.82594,0.59828,0.006007,0.29422,0.18187,0.39836,1,2
0,0.5,1,0.27002,0.36957,0.67483,0.67221,0.63466,0.047107,0.32449,0.33253,0.44935,0.9288,3
0,0.5,1,0.37002,0.38894,0.45125,0.4065,0.52097,0.37433,0.50204,0.55462,0.34873,0.80819,4
0,0.5,1,0.41616,0.55671,0.36294,0.33994,0.33653,0.37907,1,0.23589,0.42368,0.55104,5
0,0.5,1,0.33864,0.51103,0.39102,0.45246,0.35169,0.39393,0.65204,0.43187,0.36858,0.78609,6
0,0.5,1,0.16721,0.90958,0.2657,0.074485,0.64932,0.57604,0.56905,0.56723,0.18001,0.52243,8
0,0.5,1,0.17237,0.84089,0.39816,0.19308,0.68873,0.405,0.59898,0.41897,0.094798,0.48375,9
0,0.5,1,0.046838,0.98456,0.41322,0.051241,0.58034,0.25862,0.70748,0.43427,0.2642,0.77601,10
0,0.5,1,0.020141,0.52788,0.96223,0.90122,0.35195,0.10212,0.33333,0.40456,0.65298,0.63362,1
0,0.5,1,0.2096,0.42265,0.74732,0.85261,0.66372,0.069238,0.30748,0.20168,0.32238,0.93401,2
0,0.5,1,0.24871,0.37854,0.63272,0.69308,0.63593,0.11445,0.38673,0.28511,0.43429,0.8342,3
0,0.5,1,0.38173,0.38784,0.39025,0.42208,0.51794,0.40689,0.53946,0.52281,0.32067,0.84493,4
0,0.5,1,0.32389,0.57357,0.42139,0.28156,0.41966,0.30098,0.92143,0.33553,0.45791,0.5842,5
0,0.5,1,0.29555,0.67171,0.47065,0.11173,0.49318,0.50711,0.60748,0.62905,0.045859,0.60078,7
0,0.5,1,0.1733,0.90343,0.15314,0.16112,0.71905,0.56086,0.60408,0.4907,0.19747,0.52666,8
0,0.5,1,0.14778,0.84909,0.44257,0.14791,0.66776,0.42175,0.56259,0.44238,0.12218,0.50748,9
0,0.5,1,0.037939,0.96408,0.46172,0.14052,0.51465,0.26589,0.60884,0.36465,0.4911,0.58875,10
0,0.5,1,0.25667,0.49307,0.4464,0.40703,0.70364,0.36832,0.43707,0.35114,0.37064,0.69441,11
0,0.5,1,0.015925,0.52379,0.94513,0.87348,0.39717,0.11698,0.23639,0.39136,0.70979,0.60891,1
0,0.5,1,0.18923,0.42265,0.7754,0.7673,0.70743,0.069554,0.2551,0.27341,0.31383,0.91645,2
0,0.5,1,0.2096,0.40107,0.61256,0.71157,0.56923,0.22384,0.42551,0.2491,0.4514,0.77081,3
0,0.5,1,0.37213,0.37571,0.38668,0.47755,0.43583,0.43092,0.61497,0.5,0.30698,0.85273,4
0,0.5,1,0.31874,0.55986,0.36549,0.28368,0.49596,0.39393,0.83333,0.27071,0.43634,0.63069,5
0,0.5,1,0.29251,0.47227,0.30551,0.51241,0.49444,0.43124,0.61871,0.34334,0.34565,0.91645,6
0,0.5,1,0.17377,0.88563,0.19066,0.13814,0.65033,0.54347,0.65,0.56122,0.24127,0.51723,8
0,0.5,1,0.12881,0.86783,0.50791,0.10248,0.61193,0.40879,0.51633,0.4916,0.088296,0.56632,9
0,0.5,1,0.040047,1,0.19551,0.30243,0.60788,0.31995,0.52381,0.20528,0.49144,0.68336,10
0,0.5,1,0.024824,0.51071,0.92573,0.8262,0.42547,0.12773,0.1932,0.33613,0.74059,0.60338,1
0,0.5,1,0.15621,0.46408,0.79888,0.71051,0.66473,0.010433,0.28163,0.31933,0.36516,0.89012,2
0,0.5,1,0.18384,0.38453,0.6368,0.71949,0.58514,0.17041,0.48061,0.31483,0.40726,0.76853,3
0,0.5,1,0.37213,0.35633,0.35197,0.55309,0.3623,0.50269,0.67313,0.43788,0.39528,0.78609,4
0,0.5,1,0.37799,0.53875,0.25396,0.33465,0.46235,0.52197,0.81871,0.241,0.39083,0.67945,5
0,0.5,1,0.25504,0.47401,0.29275,0.5346,0.54497,0.37591,0.64014,0.35684,0.36721,0.86736,6
0,0.5,1,0.26838,0.65375,0.41628,0.31379,0.40273,0.33765,0.81361,0.57803,0.055099,0.63459,7
0,0.5,1,0.13115,0.86957,0.42471,0.15267,0.70566,0.43693,0.42075,0.41627,0.092402,0.60631,9
0,0.5,1,0.041452,0.98724,0.21797,0.29688,0.63795,0.32153,0.45102,0.23559,0.45517,0.64499,10
0,0.5,1,0.22248,0.4885,0.51174,0.32092,0.72208,0.37623,0.3602,0.40306,0.51369,0.65052,11
1,0.57143,0,0.60843,0.1862,0.49694,0.5,0.63567,0.81473,0.59014,0.46519,0.42368,0.3498,2
1,0.57143,0,0.63372,0.30025,0.48341,0.45246,0.66271,0.52482,0.46769,0.44238,0.42779,0.29779,3
1,0.57143,0,0.80632,0.47936,0.34329,0.17697,0.51566,0.30224,0.44456,0.45318,0.54894,0.45546,4
1,0.57143,0,0.59485,0.6977,0.50357,0.40729,0.29384,0.33829,0.49864,0.7458,0.63895,0.39304,5
1,0.57143,0,0.63279,0.40958,0.72511,0.54728,0.35447,0.39646,0.35408,0.60204,0.77036,0.47984,6
1,0.57143,0,0.57307,0.37571,0.82032,0.77892,0.32137,0.34682,0.14524,0.45618,0.69576,0.86834,7
1,0.57143,0,0.3267,0.74039,0.69193,0.27073,0.099545,0.40152,0.41327,0.78812,0.7755,0.73375,8
1,0.57143,0,0.32131,0.39729,0.84661,0.63154,0.25695,0.45937,0.26735,0.41327,0.65777,0.9119,9
1,0.57143,0,0.05363,0.44297,0.87979,0.70312,0.37569,0.45021,0.35816,0.29502,0.46783,0.92978,10
1,0.57143,0,0.54239,0.30813,0.59622,0.42974,0.36331,0.61777,0.43299,0.66477,0.81109,0.65247,11
1,0.57143,0,0.9644,0.055451,0.10107,0.59509,0.53967,0.65855,0.82585,0.82413,0.52156,0.41612,1
1,0.57143,0,0.63513,0.21944,0.42547,0.46355,0.62506,0.80051,0.60612,0.59484,0.52327,0.35241,2
1,0.57143,0,0.60375,0.30655,0.53982,0.48811,0.6478,0.55106,0.38605,0.37605,0.42676,0.30527,3
1,0.57143,0,0.82061,0.46093,0.37647,0.20787,0.46337,0.35251,0.42891,0.53121,0.56913,0.48114,4
1,0.57143,0,0.58899,0.6936,0.50204,0.44982,0.28752,0.27031,0.50034,0.71999,0.67556,0.41743,5
1,0.57143,0,0.58033,0.37209,0.82899,0.8196,0.32693,0.35662,0.15918,0.46789,0.6783,0.88231,7
1,0.57143,0,0.32225,0.72669,0.70878,0.33888,0.11294,0.32596,0.39762,0.78661,0.73101,0.82607,8
1,0.57143,0,0.30351,0.54064,0.8341,0.542,0.27893,0.45337,0.27857,0.47029,0.6807,0.79649,9
1,0.57143,0,0.085012,0.37634,0.87264,0.79873,0.38858,0.45147,0.37109,0.27821,0.39904,0.96684,10
1,0.57143,0,0.52201,0.28292,0.60924,0.46778,0.37064,0.61682,0.41905,0.64586,0.77002,0.658,11
1,0.57143,0,0.77775,0.2333,0.33844,0.37929,0.52552,0.76415,0.61701,0.72689,0.67728,0.46489,2
1,0.57143,0,0.59344,0.27725,0.61919,0.50872,0.59348,0.61271,0.37823,0.35924,0.42437,0.38882,3
1,0.57143,0,0.8185,0.38752,0.42828,0.23613,0.44896,0.35599,0.38537,0.59154,0.61088,0.47724,4
1,0.57143,0,0.5719,0.65848,0.58525,0.46434,0.29535,0.29244,0.43946,0.68938,0.75736,0.43693,5
1,0.57143,0,0.60562,0.44502,0.71082,0.45774,0.27211,0.50016,0.54558,0.56903,0.66906,0.4119,6
1,0.57143,0,0.60398,0.33948,0.81598,0.8476,0.3479,0.36864,0.13912,0.44118,0.66804,0.92523,7
1,0.57143,0,0.32482,0.48929,0.91373,0.64263,0.262,0.44135,0.4085,0.47779,0.59514,0.87289,9
1,0.57143,0,0.093208,0.36484,0.86115,0.81088,0.40248,0.50047,0.3483,0.2536,0.41102,0.94083,10
1,0.57143,0,0.52459,0.27363,0.58499,0.45747,0.37948,0.56181,0.41156,0.62215,0.74093,0.68791,11
1,0.57143,0,0.58852,0.03891,0.39484,0.84654,0.63643,0.68479,0.81735,0.62245,0.26523,0.33062,1
1,0.57143,0,0.90234,0.22212,0.3586,0.33307,0.38353,0.72716,0.57177,0.73289,0.71663,0.58485,2
1,0.57143,0,0.61288,0.29852,0.56023,0.50977,0.60308,0.64496,0.40816,0.46639,0.4384,0.38036,3
1,0.57143,0,0.80047,0.34641,0.44615,0.26756,0.48408,0.36832,0.38571,0.56933,0.61944,0.46456,4
1,0.57143,0,0.53653,0.62555,0.60516,0.49128,0.32036,0.25324,0.41837,0.65036,0.76489,0.44831,5
1,0.57143,0,0.58899,0.39918,0.74604,0.54569,0.24406,0.51881,0.54388,0.56062,0.61431,0.43758,6
1,0.57143,0,0.63864,0.28875,0.79403,0.88748,0.37418,0.38476,0.1466,0.39886,0.63415,0.96586,7
1,0.57143,0,0.28618,0.681,0.71235,0.42736,0.21905,0.19949,0.27279,0.64676,0.74059,0.90832,8
1,0.57143,0,0.33607,0.47669,0.86958,0.56286,0.2433,0.50901,0.51939,0.58523,0.63689,0.88914,9
1,0.57143,0,0.43208,0.070573,0.53139,0.80613,0.68974,0.65191,0.70102,0.47599,0.25838,0.329,1
1,0.57143,0,0.86206,0.20526,0.39867,0.38642,0.39464,0.76794,0.56463,0.72329,0.66769,0.55462,2
1,0.57143,0,0.79485,0.28875,0.43032,0.43397,0.54017,0.64844,0.46803,0.63085,0.55818,0.42198,3
1,0.57143,0,0.75925,0.33223,0.4635,0.30085,0.54447,0.39077,0.37177,0.54712,0.5729,0.43466,4
1,0.57143,0,0.5089,0.59058,0.64089,0.50634,0.35119,0.23206,0.40102,0.59994,0.75736,0.47822,5
1,0.57143,0,0.58571,0.32813,0.82721,0.8748,0.34437,0.38381,0.14082,0.43667,0.69062,0.92425,7
1,0.57143,0,0.28548,0.72716,0.67739,0.39488,0.22663,0.19602,0.24252,0.63926,0.73032,0.86411,8
1,0.57143,0,0.3281,0.50158,0.76927,0.49842,0.29181,0.56307,0.42755,0.60384,0.71697,0.81567,9
1,0.57143,0,0.42998,0.48094,0.42496,0.47306,0.53259,0.53146,0.56463,0.61825,0.62834,0.43661,11
1,0.57143,0,0.44473,0.07845,0.50613,0.7393,0.75467,0.66171,0.5983,0.48229,0.30732,0.29746,1
1,0.57143,0,0.73489,0.21456,0.44844,0.45034,0.46513,0.81758,0.57517,0.71158,0.65264,0.4896,2
1,0.57143,0,0.93419,0.27804,0.45202,0.37322,0.45579,0.61461,0.47245,0.62005,0.68446,0.52243,3
1,0.57143,0,0.6829,0.33979,0.47677,0.36133,0.57352,0.38381,0.31803,0.4886,0.513,0.41905,4
1,0.57143,0,0.52529,0.53922,0.66794,0.55071,0.3378,0.29972,0.35034,0.61675,0.76591,0.45774,5
1,0.57143,0,0.56838,0.42596,0.67177,0.45378,0.30217,0.68859,0.52857,0.56483,0.53696,0.45741,6
1,0.57143,0,0.5007,0.44203,0.87698,0.77919,0.27009,0.3503,0.19592,0.52281,0.76386,0.86118,7
1,0.57143,0,0.29344,0.85161,0.61588,0.32198,0.23825,0.22953,0.29184,0.7476,0.70329,0.72919,8
1,0.57143,0,0.29602,0.53182,0.71261,0.49419,0.34411,0.59216,0.31259,0.61044,0.67009,0.63362,9
1,0.57143,0,0.10656,0.35271,0.87953,0.97623,0.40424,0.40784,0.38333,0.27941,0.25702,0.89987,10
1,0.57143,0,0.43208,0.50819,0.40556,0.44031,0.60864,0.5283,0.62143,0.59244,0.69952,0.39629,11
1,0.64286,0,0.48571,0.21282,0.33946,0.79186,0.58893,0.86437,0.58061,0.59094,0.19849,0.33973,1
1,0.64286,0,0.45644,0.35129,0.43287,0.77575,0.53209,0.57319,0.48163,0.53782,0.21321,0.34428,2
1,0.64286,0,0.74145,0.32971,0.26212,0.54437,0.36028,0.37559,0.4932,0.62605,0.35797,0.54194,3
1,0.64286,0,0.75363,0.47243,0.34635,0.51902,0.2284,0.41764,0.59456,0.37605,0.4514,0.36801,4
1,0.64286,0,0.57283,0.64445,0.11919,0.42842,0.34234,0.53367,0.6085,0.33013,0.48289,0.51593,5
1,0.64286,0,0.62319,0.57735,0.34456,0.39593,0.29788,0.33291,0.54014,0.60504,0.36105,0.47984,6
1,0.64286,0,0.44824,0.65438,0.41552,0.29266,0.27969,0.5166,0.62075,0.64466,0.37132,0.33095,7
1,0.64286,0,0.2726,0.8149,0.5268,0.41099,0.21577,0.32849,0.63061,0.54742,0.75188,0.5104,8
1,0.64286,0,0.25995,0.64808,0.43007,0.38854,0.3522,0.67657,0.47347,0.52101,0.56879,0.34753,9
1,0.64286,0,0.12131,0.69628,0.60005,0.52721,0.3527,0.59785,0.48741,0.38175,0.77002,0.48375,10
1,0.64286,0,0.34684,0.49559,0.43032,0.51875,0.42951,0.51439,0.58946,0.58313,0.2974,0.42523,11
1,0.64286,0,0.51335,0.20983,0.31189,0.76756,0.5806,0.89567,0.58333,0.64226,0.15503,0.36801,1
1,0.64286,0,0.43841,0.35885,0.4441,0.76968,0.52021,0.58267,0.51701,0.5012,0.28679,0.2539,2
1,0.64286,0,0.75012,0.32435,0.25472,0.5449,0.36433,0.36326,0.49388,0.64496,0.37543,0.52893,3
1,0.64286,0,0.56815,0.64052,0.1437,0.43159,0.28853,0.60449,0.5466,0.36675,0.46407,0.50228,5
1,0.64286,0,0.626,0.57105,0.37213,0.41072,0.30445,0.32785,0.50306,0.63866,0.30835,0.52211,6
1,0.64286,0,0.27588,0.842,0.4852,0.40571,0.1718,0.46032,0.5898,0.60144,0.71629,0.44668,8
1,0.64286,0,0.25316,0.68982,0.34354,0.4205,0.41157,0.6829,0.38707,0.59064,0.436,0.32055,9
1,0.64286,0,0.11546,0.71755,0.58295,0.54411,0.3143,0.71103,0.29728,0.56303,0.63313,0.44636,10
1,0.64286,0,0.35386,0.49071,0.46248,0.48864,0.44063,0.54568,0.58265,0.56633,0.32033,0.41352,11
1,0.64286,0,0.52412,0.20636,0.30985,0.77338,0.58666,0.89029,0.56735,0.63776,0.15606,0.36834,1
1,0.64286,0,0.40422,0.37272,0.46274,0.74062,0.53057,0.59279,0.5068,0.5033,0.29158,0.24252,2
1,0.64286,0,0.76862,0.32309,0.27361,0.53011,0.39111,0.33228,0.50204,0.60804,0.43806,0.46977,3
1,0.64286,0,0.55925,0.6328,0.12124,0.43397,0.3052,0.61303,0.55374,0.33493,0.50308,0.51691,5
1,0.64286,0,0.62998,0.56033,0.39127,0.43344,0.30546,0.34429,0.49082,0.63806,0.31109,0.51625,6
1,0.64286,0,0.47728,0.69943,0.25166,0.27443,0.42698,0.57224,0.58367,0.55492,0.28029,0.36769,7
1,0.64286,0,0.27213,0.83696,0.49234,0.38906,0.11395,0.58805,0.53878,0.69538,0.52088,0.45416,8
1,0.64286,0,0.25316,0.71912,0.27131,0.46698,0.46842,0.67436,0.36837,0.57413,0.37166,0.31567,9
1,0.64286,0,0.34801,0.50063,0.44666,0.48653,0.44416,0.59532,0.56361,0.51561,0.31999,0.41905,11
1,0.64286,0,0.5178,0.20731,0.31879,0.77602,0.58464,0.90547,0.55816,0.61585,0.14819,0.34005,1
1,0.64286,0,0.38033,0.38863,0.47728,0.7261,0.53183,0.61303,0.4983,0.4985,0.25975,0.29681,2
1,0.64286,0,0.77658,0.31963,0.2805,0.54068,0.38226,0.34208,0.51156,0.59604,0.45962,0.43368,3
1,0.64286,0,0.76956,0.43967,0.37979,0.53962,0.21652,0.32975,0.65374,0.38926,0.50376,0.3433,4
1,0.64286,0,0.56534,0.62697,0.14063,0.41099,0.3047,0.65634,0.4949,0.38625,0.47878,0.52536,5
1,0.64286,0,0.62061,0.54584,0.39102,0.42868,0.32491,0.38634,0.49456,0.61014,0.34257,0.48244,6
1,0.64286,0,0.26862,0.84751,0.49566,0.38008,0.12178,0.55011,0.55782,0.66026,0.56913,0.44148,8
1,0.64286,0,0.25105,0.73047,0.2611,0.4934,0.52072,0.59469,0.47313,0.43968,0.50958,0.26528,9
1,0.64286,0,0.3466,0.50425,0.45482,0.49181,0.44341,0.62757,0.53844,0.48499,0.33744,0.43856,11
1,0.64286,0,0.50492,0.21456,0.32414,0.78473,0.58439,0.91527,0.54116,0.57983,0.16838,0.30007,1
1,0.64286,0,0.35129,0.41761,0.48571,0.74934,0.52906,0.60006,0.47959,0.48649,0.1783,0.36248,2
1,0.64286,0,0.76932,0.30923,0.26901,0.56128,0.38883,0.34935,0.50782,0.60294,0.46817,0.45351,3
1,0.64286,0,0.76417,0.44266,0.37647,0.514,0.22688,0.32216,0.67925,0.38745,0.4911,0.35891,4
1,0.64286,0,0.56464,0.61169,0.19423,0.38167,0.29965,0.59279,0.58776,0.40126,0.49555,0.47009,5
1,0.64286,0,0.26628,0.86027,0.49311,0.3859,0.13239,0.4951,0.50204,0.68247,0.63723,0.46489,8
1,0.64286,0,0.24286,0.75835,0.26978,0.4823,0.60485,0.55454,0.48265,0.30792,0.49658,0.31534,9
1,0.64286,0,0.08993,0.73488,0.60949,0.53038,0.35472,0.49858,0.55306,0.32383,0.7293,0.52211,10
1,0.64286,0,0.34567,0.53088,0.42598,0.49445,0.48156,0.62599,0.53061,0.45528,0.29706,0.44051,11
1,0.64286,0,0.4904,0.22369,0.32134,0.80401,0.59373,0.90484,0.53503,0.55882,0.15845,0.29681,1
1,0.64286,0,0.31382,0.46755,0.48009,0.74934,0.54851,0.53114,0.51837,0.42587,0.13518,0.36638,2
1,0.64286,0,0.7452,0.31065,0.25651,0.5869,0.36534,0.39772,0.52823,0.61345,0.44935,0.46912,3
1,0.64286,0,0.75246,0.43652,0.37825,0.50924,0.22511,0.39014,0.61565,0.43337,0.44285,0.38687,4
1,0.64286,0,0.53794,0.60098,0.23481,0.38986,0.27185,0.64591,0.52483,0.47479,0.44079,0.43466,5
1,0.64286,0,0.53255,0.54458,0.30526,0.46593,0.44341,0.44451,0.5381,0.52371,0.31075,0.46066,6
1,0.64286,0,0.46183,0.66005,0.27591,0.25198,0.42269,0.6497,0.54932,0.503,0.28645,0.4119,7
1,0.64286,0,0.26745,0.86311,0.47805,0.35631,0.16801,0.4148,0.65238,0.56483,0.69062,0.46196,8
1,0.64286,0,0.22857,0.79537,0.22818,0.58716,0.61016,0.51881,0.33027,0.31393,0.41205,0.36541,9
1,0.64286,0,0.076581,0.77253,0.56355,0.50317,0.36812,0.5147,0.52109,0.34694,0.73409,0.48635,10
1,0.64286,0,0.34075,0.54789,0.45202,0.51189,0.46564,0.61872,0.53027,0.42617,0.28439,0.41808,11
1,0.71429,0,0.26815,0.26339,0.53726,0.81564,0.56796,0.77553,0.69422,0.29352,0.47467,0.26235,1
1,0.71429,0,0.52576,0.30451,0.36498,0.73138,0.5758,0.71799,0.5898,0.66597,0.39802,0.33908,2
1,0.71429,0,0.58923,0.37697,0.3831,0.41759,0.66347,0.38192,0.55272,0.57713,0.30527,0.46294,3
1,0.71429,0,0.63911,0.49937,0.30577,0.40174,0.6094,0.29466,0.53027,0.63776,0.43806,0.29779,4
1,0.71429,0,0.57822,0.63059,0.60184,0.24274,0.39262,0.53873,0.5466,0.61945,0.57016,0.2409,5
1,0.71429,0,0.65035,0.658,0.2925,0.2636,0.63138,0.53083,0.51531,0.4889,0.59411,0.30332,6
1,0.71429,0,0.52412,0.76103,0.53369,0.18225,0.36837,0.55612,0.62245,0.69088,0.59993,0.18921,7
1,0.71429,0,0.25948,0.8012,0.69985,0.34496,0.28626,0.29497,0.40544,1,0.55886,0.40637,8
1,0.71429,0,0.31569,0.71188,0.38055,0.50053,0.44947,0.32438,0.71259,0.79082,0.61225,0.44278,9
1,0.71429,0,0.14052,0.6673,0.41628,0.67882,0.38277,0.41258,0.57789,0.59964,0.67864,0.24837,10
1,0.71429,0,0.38946,0.45447,0.41782,0.47095,0.57984,0.36484,0.68027,0.64706,0.16496,0.43758,11
1,0.71429,0,0.27143,0.25583,0.55462,0.83016,0.56948,0.79134,0.69694,0.27491,0.4295,0.26821,1
1,0.71429,0,0.50984,0.31002,0.37774,0.75594,0.57655,0.73222,0.58367,0.68968,0.36721,0.36313,2
1,0.71429,0,0.59578,0.37902,0.36575,0.43344,0.67307,0.37559,0.57823,0.55312,0.31656,0.45026,3
1,0.71429,0,0.65948,0.50457,0.25294,0.47042,0.55382,0.26715,0.57347,0.63205,0.38638,0.3277,4
1,0.71429,0,0.57447,0.64792,0.56279,0.25357,0.41486,0.51344,0.56361,0.62575,0.55989,0.23765,5
1,0.71429,0,0.64333,0.63469,0.38591,0.20021,0.57731,0.59532,0.47347,0.44898,0.63621,0.30397,6
1,0.71429,0,0.50726,0.72243,0.67841,0.21236,0.27792,0.55643,0.64286,0.65726,0.67693,0.263,7
1,0.71429,0,0.26276,0.78544,0.71516,0.35895,0.30268,0.27,0.40374,0.91927,0.63552,0.44831,8
1,0.71429,0,0.28618,0.76497,0.35401,0.47095,0.50707,0.35631,0.7483,0.67617,0.55989,0.39109,9
1,0.71429,0,0.14262,0.68006,0.38999,0.59086,0.4621,0.3639,0.66667,0.55912,0.68446,0.34558,10
1,0.71429,0,0.35222,0.43478,0.50868,0.47834,0.58363,0.32311,0.60238,0.69688,0.25907,0.41352,11
1,0.71429,0,0.50539,0.31348,0.3734,0.74775,0.58388,0.73,0.61156,0.68307,0.40452,0.31307,2
1,0.71429,0,0.68103,0.50851,0.2537,0.45272,0.54927,0.28201,0.53163,0.65876,0.37337,0.33648,4
1,0.71429,0,0.56698,0.62051,0.64395,0.25594,0.38479,0.52071,0.55612,0.60504,0.59788,0.25033,5
1,0.71429,0,0.64778,0.62256,0.42649,0.17591,0.55659,0.61745,0.5034,0.39346,0.64819,0.31209,6
1,0.71429,0,0.51218,0.71424,0.72409,0.21976,0.2385,0.53999,0.7119,0.61675,0.6872,0.32997,7
1,0.71429,0,0.28759,0.78277,0.65926,0.2842,0.28221,0.31774,0.48605,0.89046,0.64168,0.47107,8
1,0.71429,0,0.29297,0.73204,0.31955,0.41231,0.54522,0.47423,0.71259,0.64046,0.5065,0.44311,9
1,0.71429,0,0.13911,0.67848,0.40276,0.5317,0.45124,0.46538,0.62279,0.54622,0.71629,0.36476,10
1,0.71429,0,0.33302,0.42439,0.53982,0.52219,0.56847,0.32279,0.54932,0.68998,0.30493,0.41905,11
1,0.71429,0,0.51007,0.31096,0.35988,0.70655,0.58691,0.72368,0.63061,0.67227,0.44114,0.27698,2
1,0.71429,0,0.61148,0.39272,0.29913,0.52773,0.61597,0.37939,0.67619,0.4931,0.36174,0.44408,3
1,0.71429,0,0.67799,0.51686,0.28637,0.41997,0.58944,0.28675,0.53537,0.63235,0.4384,0.30137,4
1,0.71429,0,0.58806,0.62382,0.62379,0.2327,0.37923,0.55422,0.57959,0.58373,0.58624,0.24155,5
1,0.71429,0,0.64801,0.59909,0.51046,0.15716,0.49924,0.67057,0.54898,0.36885,0.65024,0.33875,6
1,0.71429,0,0.52506,0.69345,0.7634,0.24353,0.19101,0.48688,0.74728,0.59094,0.71253,0.37549,7
1,0.71429,0,0.31218,0.80183,0.5952,0.19572,0.23244,0.43535,0.53027,0.97989,0.54209,0.45189,8
1,0.71429,0,0.30796,0.63674,0.42649,0.36846,0.50581,0.31742,0.62721,0.7491,0.63621,0.5078,9
1,0.71429,0,0.11569,0.68258,0.46069,0.51268,0.41612,0.49542,0.58197,0.53601,0.76934,0.39239,10
1,0.71429,0,0.35644,0.41604,0.53548,0.47147,0.57175,0.37275,0.57585,0.69118,0.34292,0.36704,11
1,0.71429,0,0.36698,0.16682,0.48698,0.98151,0.54901,0.87923,0.61803,0.46969,0.36756,0.14759,1
1,0.71429,0,0.50984,0.2719,0.39331,0.61807,0.56973,0.74297,0.57109,0.66777,0.51643,0.22952,2
1,0.71429,0,0.56066,0.40044,0.34712,0.5589,0.6382,0.39267,0.62109,0.48379,0.31554,0.42295,3
1,0.71429,0,0.66253,0.51323,0.35503,0.34496,0.63062,0.3288,0.48027,0.61375,0.50548,0.2344,4
1,0.71429,0,0.62553,0.66147,0.53854,0.17538,0.3954,0.57445,0.62585,0.54982,0.59548,0.2344,5
1,0.71429,0,0.63372,0.57215,0.5878,0.16297,0.45755,0.69523,0.62551,0.35174,0.62526,0.34395,6
1,0.71429,0,0.52927,0.61657,0.84712,0.26994,0.15791,0.3503,0.77993,0.54952,0.76283,0.41645,7
1,0.71429,0,0.28852,0.77741,0.6779,0.21421,0.18065,0.4442,0.52585,0.96999,0.58419,0.49772,8
1,0.71429,0,0.095082,0.7092,0.50689,0.53117,0.40298,0.49984,0.5534,0.52161,0.81075,0.40962,10
1,0.71429,0,0.363,0.40422,0.52425,0.46197,0.56215,0.37907,0.60646,0.66146,0.40999,0.38134,11
1,0.71429,0,0.43888,0.14603,0.43313,0.9345,0.52274,0.92159,0.62313,0.46188,0.31691,0.14272,1
1,0.71429,0,0.5178,0.23488,0.41654,0.58426,0.53537,0.83181,0.51939,0.70918,0.53114,0.20611,2
1,0.71429,0,0.50679,0.40028,0.43083,0.50608,0.66978,0.4246,0.53776,0.47869,0.30185,0.40605,3
1,0.71429,0,0.6466,0.51465,0.35911,0.34839,0.63012,0.36674,0.46701,0.59334,0.49008,0.21684,4
1,0.71429,0,0.62459,0.62996,0.61766,0.16429,0.30925,0.57098,0.70102,0.48409,0.64887,0.27893,5
1,0.71429,0,0.58735,0.52615,0.68709,0.20576,0.45023,0.65286,0.65986,0.37845,0.63655,0.3199,6
1,0.71429,0,0.51429,0.55025,0.88897,0.25198,0.15488,0.27917,0.81667,0.52851,0.77687,0.43466,7
1,0.71429,0,0.25504,0.70117,0.76978,0.32567,0.20718,0.30604,0.42789,0.79412,0.70876,0.54324,8
1,0.71429,0,0.2726,0.61437,0.48239,0.58954,0.47019,0.27948,0.53946,0.65276,0.67488,0.48017,9
1,0.71429,0,0.074473,0.73157,0.51633,0.51426,0.45478,0.42112,0.61463,0.52911,0.80595,0.50033,10
1,0.71429,0,0.3623,0.37697,0.51761,0.49947,0.55811,0.33418,0.58571,0.64646,0.47091,0.4119,11
1,0.78571,0,0.64356,0.16966,0.31215,0.67591,0.59651,0.84382,0.54524,0.60954,0.079055,0.38427,1
1,0.78571,0,0.53817,0.31994,0.42573,0.701,0.64325,0.63421,0.54014,0.48649,0.22348,0.34655,2
1,0.78571,0,0.74918,0.37933,0.37213,0.42631,0.7044,0.37781,0.67789,0.4997,0.23066,0.34688,3
1,0.78571,0,0.72834,0.4373,0.55258,0.27628,0.54396,0.30098,0.57789,0.36585,0.51574,0.4171,4
1,0.78571,0,0.61967,0.49543,0.56611,0.42155,0.37165,0.34872,0.41122,0.44328,0.67112,0.38004,5
1,0.78571,0,0.67096,0.45337,0.56253,0.47596,0.43229,0.34904,0.36531,0.5042,0.6386,0.38231,6
1,0.78571,0,0.51593,0.65469,0.40505,0.42868,0.39464,0.20202,0.67551,0.47959,0.69336,0.44863,7
1,0.78571,0,0.32506,0.75772,0.10643,0.43687,0.42572,0.61998,0.77109,0.54952,0.54997,0.3381,8
1,0.78571,0,0.27916,0.7552,0.36473,0.31933,0.3997,0.69048,0.64218,0.63415,0.25496,0.40507,9
1,0.78571,0,0.27845,0.34893,0.47575,0.75806,0.54245,0.86627,0.49762,0.52731,0.36687,0.47757,10
1,0.78571,0,0.46885,0.49212,0.5342,0.51875,0.64477,0.36326,0.54558,0.41116,0.49624,0.23927,11
1,0.78571,0,0.6637,0.15879,0.28484,0.66006,0.59803,0.84698,0.55918,0.59874,0.12218,0.3446,1
1,0.78571,0,0.52693,0.32136,0.43058,0.62625,0.70364,0.58426,0.64082,0.38355,0.40657,0.30364,2
1,0.78571,0,0.70351,0.3724,0.47473,0.3785,0.76781,0.4736,0.60476,0.4925,0.31177,0.24967,3
1,0.78571,0,0.72131,0.43494,0.55768,0.30032,0.54042,0.28549,0.57347,0.39466,0.5065,0.44148,4
1,0.78571,0,0.61241,0.4948,0.58167,0.4271,0.39237,0.31046,0.45,0.42287,0.6872,0.37029,5
1,0.78571,0,0.66347,0.4477,0.57274,0.47966,0.42926,0.33671,0.42313,0.47719,0.67933,0.37971,6
1,0.78571,0,0.4904,0.65375,0.44436,0.35975,0.42951,0.24755,0.67687,0.47959,0.73717,0.38719,7
1,0.78571,0,0.30445,0.78403,0.13323,0.40703,0.48459,0.55801,0.79864,0.53661,0.50342,0.37744,8
1,0.78571,0,0.25199,0.77583,0.44308,0.35473,0.33805,0.62188,0.6915,0.62455,0.24983,0.43205,9
1,0.78571,0,0.27705,0.35539,0.46937,0.76255,0.52527,0.93076,0.47313,0.52821,0.3282,0.48342,10
1,0.78571,0,0.45574,0.5052,0.55411,0.53117,0.64805,0.37053,0.53912,0.42827,0.49726,0.22399,11
1,0.78571,0,0.66253,0.15438,0.2782,0.64976,0.5907,0.86532,0.57415,0.58433,0.11191,0.34818,1
1,0.78571,0,0.53162,0.31254,0.41654,0.61041,0.69783,0.55643,0.68129,0.39106,0.43498,0.35501,2
1,0.78571,0,0.68033,0.37177,0.48418,0.40016,0.77261,0.49605,0.59524,0.47029,0.31793,0.25,3
1,0.78571,0,0.71405,0.44219,0.56662,0.29635,0.53082,0.30288,0.57993,0.38085,0.4603,0.45839,4
1,0.78571,0,0.60234,0.49685,0.53548,0.42604,0.39313,0.29402,0.44354,0.47179,0.69781,0.35176,5
1,0.78571,0,0.64473,0.45054,0.54313,0.47147,0.47575,0.30667,0.46735,0.47749,0.70397,0.31502,6
1,0.78571,0,0.46112,0.65769,0.47346,0.28447,0.43103,0.33576,0.7051,0.43067,0.76523,0.3459,7
1,0.78571,0,0.26159,0.7656,0.41909,0.36529,0.40147,0.56908,0.74932,0.58223,0.41102,0.39109,9
1,0.78571,0,0.25129,0.37839,0.48137,0.78236,0.53259,0.90895,0.46293,0.46669,0.36345,0.42848,10
1,0.78571,0,0.6459,0.15028,0.2856,0.64686,0.58135,0.89187,0.57653,0.56513,0.10096,0.35533,1
1,0.78571,0,0.68431,0.37492,0.42649,0.43238,0.75644,0.45906,0.63776,0.47749,0.26352,0.27568,3
1,0.78571,0,0.71101,0.45762,0.55028,0.31854,0.49722,0.34208,0.58401,0.36014,0.4319,0.45936,4
1,0.78571,0,0.58267,0.51181,0.47243,0.46091,0.36635,0.31363,0.40646,0.53181,0.68241,0.30917,5
1,0.78571,0,0.61616,0.454,0.55539,0.44427,0.5,0.34714,0.5017,0.43818,0.66735,0.3212,6
1,0.78571,0,0.44496,0.66478,0.42853,0.29292,0.42193,0.36674,0.69796,0.43277,0.73443,0.31274,7
1,0.78571,0,0.27143,0.79096,0.31827,0.29319,0.42976,0.55422,0.69864,0.60294,0.48015,0.50553,8
1,0.78571,0,0.27447,0.75299,0.38872,0.38299,0.43633,0.57287,0.74388,0.58583,0.4781,0.43986,9
1,0.78571,0,0.2089,0.41147,0.49464,0.81537,0.54421,0.87196,0.44524,0.43637,0.39117,0.40247,10
1,0.78571,0,0.44075,0.48236,0.50281,0.52985,0.66448,0.3522,0.56395,0.44088,0.4976,0.22757,11
1,0.78571,0,0.64426,0.1495,0.27642,0.61727,0.56822,0.91211,0.61599,0.54772,0.17112,0.29616,1
1,0.78571,0,0.54028,0.27284,0.46733,0.59192,0.69151,0.51881,0.71599,0.40036,0.513,0.34623,2
1,0.78571,0,0.67752,0.3735,0.42241,0.44083,0.74482,0.45021,0.65952,0.48619,0.26044,0.29486,3
1,0.78571,0,0.71756,0.46141,0.54416,0.3505,0.48838,0.35789,0.57245,0.36315,0.44456,0.44603,4
1,0.78571,0,0.58033,0.51985,0.45355,0.47174,0.34184,0.35409,0.36327,0.59604,0.62218,0.30559,5
1,0.78571,0,0.58126,0.45195,0.59648,0.41627,0.54118,0.3835,0.55102,0.37665,0.60883,0.3277,6
1,0.78571,0,0.43864,0.67848,0.33129,0.30111,0.44543,0.43629,0.6898,0.43247,0.67693,0.2435,7
1,0.78571,0,0.25035,0.7448,0.4681,0.44374,0.38631,0.51502,0.71429,0.54412,0.51164,0.43888,9
1,0.78571,0,0.17658,0.43888,0.50357,0.83809,0.55331,0.85236,0.40986,0.44478,0.37372,0.41125,10
1,0.78571,0,0.42248,0.48756,0.46248,0.57422,0.60207,0.41258,0.49218,0.48469,0.41958,0.23147,11
1,0.78571,0,0.66042,0.14603,0.25855,0.59482,0.55988,0.90326,0.66463,0.53872,0.2577,0.22822,1
1,0.78571,0,0.53677,0.27363,0.45202,0.62493,0.69783,0.52766,0.6932,0.40246,0.50616,0.33875,2
1,0.78571,0,0.66183,0.3598,0.44232,0.46989,0.73573,0.41322,0.66395,0.48349,0.27926,0.32542,3
1,0.78571,0,0.72763,0.45274,0.55896,0.35341,0.49394,0.35441,0.57449,0.36134,0.45072,0.42588,4
1,0.78571,0,0.58665,0.52678,0.4584,0.45404,0.34917,0.3484,0.38231,0.56873,0.67522,0.31437,5
1,0.78571,0,0.55176,0.45069,0.62711,0.42552,0.57908,0.405,0.5932,0.36795,0.54757,0.31469,6
1,0.78571,0,0.43841,0.67502,0.31215,0.28156,0.50733,0.42175,0.72313,0.41146,0.62765,0.27893,7
1,0.78571,0,0.27447,0.78182,0.37774,0.33545,0.40045,0.44989,0.70476,0.52761,0.61841,0.60078,8
1,0.78571,0,0.24333,0.68431,0.43543,0.50845,0.37898,0.58236,0.7034,0.52041,0.51711,0.39792,9
1,0.78571,0,0.16792,0.4425,0.50842,0.82515,0.54851,0.86247,0.39796,0.4967,0.3525,0.45156,10
1,0.78571,0,0.45105,0.44439,0.40582,0.61437,0.56948,0.3914,0.51905,0.53872,0.3614,0.31372,11
1,0.85714,1,0.41499,0.35933,0.63987,0.76598,0.7337,0.34556,0.2585,0.30342,0.31006,0.78869,2
1,0.85714,1,0.74567,0.54049,0.55896,0.31643,0.47019,0.2915,0.46293,0.33433,0.45517,0.64109,4
1,0.85714,1,0.6904,0.72747,0.33742,0.20708,0.49722,0.55707,0.56701,0.28902,0.28405,0.64694,5
1,0.85714,1,0.61288,0.60775,0.54033,0.23376,0.49267,0.42713,0.47619,0.41657,0.30185,0.56957,6
1,0.85714,1,0.58759,0.76717,0.48928,0.0972,0.35826,0.58331,0.65986,0.51591,0.20534,0.54324,7
1,0.85714,1,0.29274,0.8535,0.39638,0.34865,0.38277,0.51312,0.63367,0.44268,0.38535,0.31242,9
1,0.85714,1,0.1733,0.70353,0.59367,0.40306,0.45478,0.39267,0.45442,0.66387,0.30698,0.24285,10
1,0.85714,1,0.51499,0.55545,0.42905,0.47491,0.5096,0.46949,0.41122,0.48439,0.36071,0.62224,11
1,0.85714,1,0.35269,0.16856,0.7047,0.78658,0.76049,0.69617,0.20306,0.18067,0.49658,0.74057,1
1,0.85714,1,0.44684,0.31128,0.58142,0.8019,0.74406,0.35504,0.33878,0.32863,0.30664,0.79584,2
1,0.85714,1,0.60211,0.40895,0.60643,0.59958,0.54396,0.15239,0.37823,0.41297,0.47159,0.80007,3
1,0.85714,1,0.76417,0.53828,0.61741,0.31643,0.47726,0.34745,0.43095,0.31663,0.43498,0.59395,4
1,0.85714,1,0.69415,0.73945,0.40837,0.15478,0.46235,0.50901,0.58571,0.31543,0.28166,0.56112,5
1,0.85714,1,0.63747,0.57892,0.52246,0.27522,0.51996,0.43282,0.52653,0.42347,0.33949,0.48505,6
1,0.85714,1,0.57026,0.76103,0.52374,0.096408,0.39288,0.66677,0.59796,0.47659,0.21458,0.53316,7
1,0.85714,1,0.43443,0.71046,0.4681,0.13444,0.37039,0.71641,0.82925,0.5066,0.50445,0.31014,8
1,0.85714,1,0.30492,0.77946,0.46937,0.3954,0.44517,0.32722,0.66701,0.4889,0.54791,0.46424,9
1,0.85714,1,0.19321,0.68195,0.65391,0.36741,0.42724,0.44325,0.42483,0.66897,0.35455,0.21782,10
1,0.85714,1,0.50211,0.60224,0.41756,0.50555,0.54851,0.44578,0.39456,0.43217,0.34463,0.60761,11
1,0.85714,1,0.3541,0.16115,0.70316,0.79081,0.75215,0.70092,0.22789,0.17497,0.487,0.73049,1
1,0.85714,1,0.4555,0.29159,0.56815,0.76334,0.75821,0.35947,0.35408,0.38445,0.33881,0.83192,2
1,0.85714,1,0.59368,0.42297,0.60975,0.64871,0.52729,0.22289,0.33231,0.37905,0.48631,0.77536,3
1,0.85714,1,0.77564,0.53702,0.65824,0.34311,0.50076,0.28991,0.5,0.35684,0.41239,0.51398,4
1,0.85714,1,0.68056,0.77174,0.32772,0.19651,0.46261,0.50933,0.5898,0.30342,0.26386,0.60728,5
1,0.85714,1,0.63747,0.57546,0.50128,0.33043,0.49242,0.39267,0.59014,0.40576,0.35044,0.46294,6
1,0.85714,1,0.54169,0.73519,0.53037,0.10988,0.38909,0.68226,0.60442,0.45738,0.18652,0.5156,7
1,0.85714,1,0.42974,0.7248,0.43134,0.14791,0.36534,0.64306,0.80782,0.46128,0.45003,0.34525,8
1,0.85714,1,0.32389,0.7029,0.53573,0.38669,0.49065,0.25514,0.69388,0.46999,0.66359,0.57867,9
1,0.85714,1,0.21733,0.64635,0.71031,0.39488,0.39995,0.4227,0.41497,0.68667,0.43566,0.18433,10
1,0.85714,1,0.47354,0.61342,0.42215,0.49102,0.53967,0.40468,0.40442,0.42587,0.34189,0.5725,11
1,0.85714,1,0.40304,0.12602,0.68249,0.8336,0.72259,0.67752,0.24524,0.15186,0.47604,0.67945,1
1,0.85714,1,0.4815,0.29726,0.56202,0.7121,0.76023,0.37085,0.31054,0.40816,0.37543,0.83583,2
1,0.85714,1,0.57354,0.43856,0.59775,0.67776,0.47271,0.27727,0.30272,0.29082,0.50821,0.80819,3
1,0.85714,1,0.76159,0.56065,0.61205,0.30296,0.53411,0.27031,0.44354,0.36765,0.4603,0.53901,4
1,0.85714,1,0.61686,0.58648,0.53777,0.41812,0.4338,0.38539,0.58741,0.41717,0.38467,0.51886,6
1,0.85714,1,0.53677,0.7489,0.42471,0.1738,0.43229,0.59469,0.72993,0.44208,0.15092,0.58615,7
1,0.85714,1,0.42717,0.71834,0.4441,0.18753,0.31001,0.546,0.82041,0.52611,0.39562,0.3394,8
1,0.85714,1,0.32623,0.69833,0.5587,0.35684,0.44947,0.32564,0.72449,0.45138,0.73374,0.54161,9
1,0.85714,1,0.21358,0.63784,0.69704,0.41891,0.42724,0.34682,0.41803,0.7407,0.47433,0.18368,10
1,0.85714,1,0.4548,0.59279,0.44079,0.46513,0.51415,0.40089,0.43095,0.46068,0.37303,0.54941,11
1,0.85714,1,0.55246,0.073882,0.55487,0.78553,0.71122,0.72811,0.29694,0.11315,0.45654,0.70514,1
1,0.85714,1,0.42904,0.35035,0.61945,0.76043,0.67332,0.28043,0.29116,0.35864,0.41342,0.84265,2
1,0.85714,1,0.55621,0.4466,0.61536,0.69678,0.46387,0.25292,0.39728,0.27011,0.49008,0.8225,3
1,0.85714,1,0.74707,0.59342,0.52859,0.34152,0.56114,0.25387,0.38673,0.36405,0.50548,0.5686,4
1,0.85714,1,0.65574,0.80718,0.27616,0.29239,0.43684,0.60228,0.59626,0.30072,0.17009,0.88524,5
1,0.85714,1,0.58618,0.60397,0.52272,0.45774,0.44947,0.39994,0.55374,0.37695,0.40349,0.658,6
1,0.85714,1,0.5452,0.76402,0.32899,0.22372,0.49646,0.57224,0.78265,0.37905,0.20192,0.65865,7
1,0.85714,1,0.42646,0.73976,0.45151,0.19599,0.31733,0.51344,0.84898,0.55462,0.38706,0.31079,8
1,0.85714,1,0.29016,0.71109,0.42318,0.39039,0.38151,0.57319,0.70374,0.53752,0.48665,0.25033,9
1,0.85714,1,0.16347,0.68589,0.65212,0.38537,0.41511,0.37212,0.43537,0.77881,0.37509,0.20254,10
1,0.85714,1,0.44941,0.60948,0.48724,0.4831,0.47852,0.38792,0.44082,0.51921,0.36687,0.53934,11
1,0.85714,1,0.40117,0.46361,0.65416,0.77628,0.6334,0.22163,0.24592,0.32563,0.44695,0.88849,2
1,0.85714,1,0.55269,0.42313,0.5878,0.71051,0.53739,0.21815,0.46429,0.2623,0.44695,0.8303,3
1,0.85714,1,0.7459,0.58396,0.52986,0.38906,0.59373,0.25577,0.37857,0.38535,0.44764,0.65832,4
1,0.85714,1,0.64426,0.7845,0.30194,0.28262,0.41435,0.61998,0.58639,0.32473,0.18652,0.85306,5
1,0.85714,1,0.54614,0.62004,0.48877,0.48442,0.47473,0.33165,0.58265,0.30372,0.41376,0.74285,6
1,0.85714,1,0.56042,0.78119,0.27412,0.22478,0.54371,0.53968,0.7568,0.34484,0.23374,0.63784,7
1,0.85714,1,0.42506,0.80986,0.37213,0.21289,0.39262,0.51091,0.93401,0.45648,0.3217,0.36346,8
1,0.85714,1,0.30585,0.69644,0.31343,0.45246,0.48282,0.59785,0.71939,0.494,0.37509,0.263,9
1,0.85714,1,0.15059,0.72747,0.63349,0.34786,0.39944,0.41574,0.46565,0.744,0.35866,0.21294,10
1,0.85714,1,0.43583,0.62807,0.51429,0.47781,0.48787,0.34271,0.4466,0.54712,0.4295,0.51658,11
1,0.92857,1,0.1171,0.38437,0.95227,0.83333,0.61597,0.16788,0.28776,0.34694,0.45346,0.87874,1
1,0.92857,1,0.27026,0.50394,0.76774,0.72372,0.60637,0.21151,0.39864,0.18848,0.3768,0.77893,2
1,0.92857,1,0.49508,0.41887,0.59061,0.73983,0.38252,0.2191,0.51803,0.21849,0.52977,0.9132,3
1,0.92857,1,0.53396,0.49212,0.40607,0.55309,0.28474,0.42365,0.5949,0.30522,0.48255,0.7396,4
1,0.92857,1,0.53138,0.61689,0.32414,0.47359,0.28626,0.72811,0.56837,0.2506,0.39288,0.75618,5
1,0.92857,1,0.50258,0.48125,0.40123,0.55652,0.58161,0.4736,0.49354,0.27971,0.28713,0.85533,6
1,0.92857,1,0.44333,0.73551,0.19934,0.57105,0.48332,0.71672,0.52279,0.33043,0.096851,0.55592,7
1,0.92857,1,0.34286,0.87287,0.16335,0.31009,0.6334,0.5441,0.50612,0.31062,0.28782,0.5104,8
1,0.92857,1,0.27447,0.52536,0.44921,0.60671,0.61369,0.39488,0.3932,0.32983,0.34189,0.67945,9
1,0.92857,1,0.26487,0.55388,0.5633,0.86767,0.7193,0.17199,0.34014,0.22599,0.32512,0.62354,10
1,0.92857,1,0.40468,0.61468,0.53701,0.5935,0.58792,0.29655,0.46769,0.22389,0.28131,0.87711,11
1,0.92857,1,0.12225,0.36059,0.96963,0.84812,0.61647,0.13626,0.29728,0.41987,0.44079,0.8186,1
1,0.92857,1,0.28056,0.53166,0.71006,0.71342,0.65109,0.25672,0.33061,0.21158,0.43463,0.77211,2
1,0.92857,1,0.51101,0.4759,0.40531,0.55018,0.27312,0.44072,0.59218,0.34154,0.47091,0.7591,4
1,0.92857,1,0.50023,0.48803,0.40378,0.56418,0.57655,0.45653,0.49728,0.27491,0.29877,0.82315,6
1,0.92857,1,0.42412,0.74275,0.17407,0.58716,0.49646,0.72115,0.48537,0.2383,0.141,0.53121,7
1,0.92857,1,0.33115,0.88028,0.22741,0.24643,0.54851,0.54979,0.56667,0.34574,0.33094,0.44278,8
1,0.92857,1,0.27307,0.57514,0.55819,0.90095,0.74608,0.2074,0.26156,0.26561,0.28268,0.59688,10
1,0.92857,1,0.41124,0.60413,0.52731,0.59588,0.62077,0.28233,0.46259,0.2398,0.28303,0.85533,11
1,0.92857,1,0.10656,0.38926,1,0.77892,0.60359,0.17673,0.27075,0.41056,0.46304,0.83095,1
1,0.92857,1,0.28384,0.53749,0.71006,0.65901,0.714,0.22415,0.30714,0.26801,0.37919,0.82445,2
1,0.92857,1,0.50539,0.43982,0.4487,0.59086,0.23143,0.42207,0.63367,0.34724,0.46201,0.78999,4
1,0.92857,1,0.52553,0.63878,0.30883,0.46566,0.30091,0.74012,0.52143,0.26261,0.36037,0.78186,5
1,0.92857,1,0.46956,0.49984,0.39663,0.56577,0.60334,0.44293,0.44626,0.28631,0.32033,0.79486,6
1,0.92857,1,0.40258,0.74354,0.19219,0.55837,0.47928,0.68764,0.55408,0.17857,0.16085,0.52991,7
1,0.92857,1,0.31944,0.87303,0.24655,0.24934,0.47928,0.60164,0.51599,0.38956,0.35455,0.38069,8
1,0.92857,1,0.27143,0.56853,0.52884,0.5655,0.59651,0.39899,0.35612,0.32263,0.34052,0.6567,9
1,0.92857,1,0.28337,0.56049,0.5416,0.92842,0.79156,0.25545,0.24218,0.27101,0.2447,0.57835,10
1,0.92857,1,0.10492,0.40627,0.94895,0.78104,0.61521,0.21625,0.2534,0.35084,0.5154,0.83388,1
1,0.92857,1,0.28595,0.51701,0.76314,0.59535,0.73295,0.22826,0.30476,0.30342,0.30082,0.83127,2
1,0.92857,1,0.526,0.37776,0.54569,0.78975,0.36913,0.30383,0.51429,0.12185,0.50753,0.90702,3
1,0.92857,1,0.50492,0.42124,0.45967,0.62678,0.21147,0.43661,0.63741,0.29832,0.49281,0.77048,4
1,0.92857,1,0.52623,0.64351,0.29862,0.45774,0.34007,0.69712,0.56599,0.27761,0.32033,0.70644,5
1,0.92857,1,0.43091,0.51686,0.4002,0.59482,0.59323,0.43535,0.41497,0.27701,0.3809,0.75813,6
1,0.92857,1,0.38806,0.73409,0.2001,0.51875,0.5192,0.60354,0.6034,0.20048,0.18686,0.48895,7
1,0.92857,1,0.31827,0.86452,0.23762,0.28341,0.46033,0.62251,0.47109,0.45918,0.23888,0.4015,8
1,0.92857,1,0.29227,0.5586,0.49847,0.63022,0.62052,0.42681,0.39932,0.2605,0.30835,0.67945,9
1,0.92857,1,0.28712,0.546,0.52603,0.94348,0.81885,0.26936,0.23503,0.2476,0.25838,0.55819,10
1,0.92857,1,0.39836,0.60003,0.5684,0.62203,0.5192,0.31457,0.48469,0.19088,0.282,0.8433,11
1,0.92857,1,0.29157,0.51623,0.73456,0.64527,0.70389,0.20392,0.37041,0.26891,0.28884,0.86118,2
1,0.92857,1,0.5274,0.36783,0.54518,0.83307,0.32239,0.37306,0.39592,0.16927,0.56845,0.81112,3
1,0.92857,1,0.47237,0.45101,0.43721,0.58716,0.26276,0.45969,0.59694,0.253,0.55099,0.71717,4
1,0.92857,1,0.53466,0.6465,0.28739,0.45747,0.35068,0.71672,0.52347,0.33643,0.23066,0.7435,5
1,0.92857,1,0.41101,0.52001,0.41475,0.60644,0.60839,0.40183,0.41837,0.27191,0.34668,0.78186,6
1,0.92857,1,0.39602,0.72338,0.15824,0.55468,0.60384,0.52419,0.57041,0.20198,0.17625,0.57315,7
1,0.92857,1,0.32155,0.87051,0.22103,0.31432,0.4664,0.53494,0.57517,0.42797,0.23717,0.39857,8
1,0.92857,1,0.3171,0.5367,0.48673,0.63524,0.66422,0.46981,0.42653,0.2476,0.21561,0.74545,9
1,0.92857,1,0.26909,0.57215,0.55564,0.87269,0.81405,0.2798,0.22687,0.23079,0.21663,0.52503,10
1,0.92857,1,0.37939,0.63863,0.55794,0.58663,0.53537,0.2583,0.43163,0.21879,0.28234,0.85436,11
1,0.92857,1,0.12272,0.38217,0.91271,0.87797,0.58818,0.17072,0.28741,0.35654,0.50308,0.83355,1
1,0.92857,1,0.30304,0.50394,0.70291,0.73164,0.65184,0.20424,0.44048,0.19808,0.33984,0.88394,2
1,0.92857,1,0.51686,0.3724,0.55105,0.80851,0.36584,0.35504,0.42177,0.17947,0.5024,0.77698,3
1,0.92857,1,0.43794,0.4707,0.43747,0.57581,0.2908,0.4619,0.54932,0.2566,0.52327,0.7435,4
1,0.92857,1,0.54075,0.64115,0.32874,0.43397,0.32996,0.66171,0.61224,0.36555,0.17454,0.68173,5
1,0.92857,1,0.38501,0.52851,0.48698,0.59535,0.56923,0.38476,0.4619,0.23499,0.26249,0.86704,6
1,0.92857,1,0.33232,0.8765,0.244,0.33914,0.45856,0.46159,0.63299,0.37215,0.22964,0.44831,8
1,0.92857,1,0.31593,0.53292,0.46886,0.63365,0.72031,0.46696,0.42313,0.23229,0.19097,0.75845,9
1,0.92857,1,0.25597,0.60113,0.58372,0.799,0.81683,0.24534,0.27517,0.22479,0.2399,0.51333,10
1,0.92857,1,0.36885,0.62902,0.58933,0.54781,0.56241,0.23775,0.40952,0.27941,0.19302,0.86411,11
1,1,1,0.2726,0.34452,0.8221,0.76281,0.60258,0.32943,0.14286,0.2611,0.43703,0.86541,1
1,1,1,0.32787,0.53513,0.70572,0.78209,0.72789,0.41985,0.32415,0.2581,0.21389,0.75813,2
1,1,1,0.41452,0.51181,0.53395,0.64263,0.52425,0.21151,0.37143,0.43848,0.31793,0.88427,3
1,1,1,0.61522,0.53009,0.26442,0.60697,0.42016,0.35441,0.45034,0.31453,0.50479,0.93823,4
1,1,1,0.54801,0.69376,0.30296,0.37427,0.46463,0.41701,0.61054,0.28541,0.34189,0.81599,6
1,1,1,0.50398,0.65674,0.41858,0.27602,0.41511,0.58837,0.69354,0.53992,0.30116,0.57152,7
1,1,1,0.36745,0.76497,0.37162,0.17116,0.54901,0.66108,0.80884,0.54172,0.46338,0.40085,8
1,1,1,0.28173,0.53796,0.58882,0.64712,0.71122,0.48941,0.22381,0.32773,0.1872,0.36769,10
1,1,1,0.41218,0.55624,0.41909,0.48627,0.66018,0.3484,0.44966,0.38986,0.18172,0.79291,11
1,1,1,0.32201,0.28072,0.79939,0.82673,0.60814,0.3601,0.21293,0.21038,0.33607,0.87874,1
1,1,1,0.43138,0.48173,0.48086,0.71632,0.53916,0.2504,0.36667,0.38445,0.34976,0.88654,3
1,1,1,0.60515,0.52977,0.26876,0.61965,0.38201,0.40025,0.41701,0.32713,0.56502,0.84948,4
1,1,1,0.50047,0.68305,0.25957,0.27205,0.59626,0.51375,0.48912,0.34754,0.41684,0.73212,5
1,1,1,0.54075,0.67139,0.34074,0.38722,0.41688,0.46095,0.63776,0.27761,0.31622,0.80397,6
1,1,1,0.51148,0.658,0.43083,0.25277,0.41031,0.59437,0.75374,0.53301,0.28645,0.52601,7
1,1,1,0.36932,0.76607,0.36039,0.18489,0.55205,0.59659,0.82143,0.57623,0.51403,0.4041,8
1,1,1,0.30141,0.63012,0.74043,0.33122,0.53234,0.54663,0.45884,0.55372,0.37851,0.34558,9
1,1,1,0.27213,0.55088,0.61536,0.61727,0.71223,0.49542,0.20612,0.34574,0.18001,0.35631,10
1,1,1,0.41663,0.55277,0.44257,0.46751,0.6473,0.39867,0.45714,0.39166,0.15298,0.80429,11
1,1,1,0.363,0.24795,0.77004,0.85182,0.62153,0.40468,0.23095,0.16837,0.27515,0.86964,1
1,1,1,0.35995,0.43904,0.64446,0.79583,0.76655,0.59469,0.46633,0.29952,0.1653,0.73927,2
1,1,1,0.46112,0.4551,0.42318,0.79186,0.56013,0.28043,0.35136,0.32473,0.37645,0.87289,3
1,1,1,0.60351,0.52773,0.29786,0.59218,0.39919,0.35504,0.46395,0.32713,0.55168,0.80689,4
1,1,1,0.50562,0.68258,0.20904,0.31722,0.65513,0.4932,0.44218,0.33553,0.44422,0.67978,5
1,1,1,0.537,0.65706,0.36192,0.35182,0.47145,0.43819,0.63061,0.29142,0.28645,0.80299,6
1,1,1,0.50656,0.64445,0.45533,0.26756,0.37595,0.55517,0.75204,0.59394,0.34292,0.52893,7
1,1,1,0.36323,0.77064,0.36651,0.17459,0.5576,0.58742,0.83367,0.57203,0.55989,0.40052,8
1,1,1,0.30258,0.60633,0.75498,0.35526,0.52678,0.54252,0.47925,0.57173,0.37953,0.37094,9
1,1,1,0.26159,0.59436,0.59673,0.64078,0.70995,0.43377,0.17483,0.34994,0.16119,0.4093,10
1,1,1,0.42506,0.55624,0.48111,0.47966,0.58893,0.38002,0.54558,0.40126,0.089322,0.82932,11
1,1,1,0.38384,0.23661,0.76748,0.84522,0.63391,0.44546,0.19592,0.16597,0.23169,0.87354,1
1,1,1,0.38103,0.39792,0.61894,0.80692,0.73623,0.62283,0.55544,0.30042,0.16427,0.69961,2
1,1,1,0.46347,0.44502,0.42241,0.81432,0.52678,0.35789,0.33469,0.2551,0.41068,0.85826,3
1,1,1,0.60141,0.51906,0.31189,0.57264,0.42572,0.31457,0.5119,0.34454,0.49589,0.82575,4
1,1,1,0.50609,0.68195,0.2269,0.34046,0.57377,0.50364,0.56327,0.26891,0.4165,0.70124,5
1,1,1,0.53232,0.63894,0.3512,0.35209,0.53739,0.44831,0.6085,0.26801,0.28747,0.8186,6
1,1,1,0.49555,0.64981,0.42649,0.26756,0.38504,0.60892,0.71565,0.61104,0.32033,0.56307,7
1,1,1,0.35246,0.77205,0.40786,0.16376,0.5139,0.65096,0.79966,0.55702,0.57324,0.4002,8
1,1,1,0.29625,0.60161,0.74885,0.3719,0.54826,0.51344,0.4881,0.59214,0.33402,0.36899,9
1,1,1,0.24965,0.63217,0.60541,0.61173,0.70642,0.41543,0.12041,0.31603,0.24846,0.4275,10
1,1,1,0.44169,0.53796,0.5,0.48811,0.56241,0.36579,0.5966,0.42857,0.077002,0.78869,11
1,1,1,0.40984,0.20699,0.77591,0.86186,0.63492,0.44388,0.18163,0.19658,0.1961,0.88784,1
1,1,1,0.38993,0.3683,0.63323,0.75647,0.75139,0.61745,0.54762,0.38055,0.10096,0.72724,2
1,1,1,0.44286,0.44534,0.4852,0.81801,0.4712,0.38824,0.3602,0.2497,0.37337,0.84818,3
1,1,1,0.58571,0.50677,0.31649,0.57607,0.45023,0.29813,0.5017,0.40006,0.44182,0.87711,4
1,1,1,0.47658,0.67281,0.35452,0.27417,0.43178,0.681,0.68605,0.52971,0.27344,0.58062,7
1,1,1,0.29485,0.59279,0.70801,0.37533,0.57302,0.54632,0.4932,0.57203,0.31759,0.34363,9
1,1,1,0.23419,0.64351,0.63885,0.5832,0.66726,0.42112,0.10816,0.31663,0.27892,0.41873,10
1,1,1,0.44543,0.55608,0.47779,0.46857,0.60081,0.4031,0.52653,0.42377,0.13484,0.77211,11
1,1,1,0.3726,0.36862,0.67509,0.7401,0.75947,0.58678,0.49218,0.41417,0.095825,0.73635,2
1,1,1,0.4082,0.48582,0.53522,0.78156,0.51617,0.26178,0.35884,0.31873,0.30424,0.86053,3
1,1,1,0.51733,0.66446,0.2828,0.3225,0.5043,0.56687,0.64048,0.27041,0.30869,0.74675,5
1,1,1,0.5356,0.63091,0.34431,0.38959,0.56266,0.48024,0.57789,0.26831,0.25017,0.81502,6
1,1,1,0.46183,0.68636,0.27055,0.31881,0.46614,0.71356,0.71871,0.40846,0.23922,0.59395,7
1,1,1,0.34145,0.76859,0.40531,0.17485,0.43608,0.82232,0.73367,0.61435,0.26626,0.44831,8
1,1,1,0.28829,0.58806,0.65212,0.37824,0.59727,0.58963,0.4585,0.54442,0.28747,0.38362,9
1,1,1,0.22178,0.66147,0.65135,0.58188,0.619,0.42713,0.086735,0.34604,0.25667,0.41938,10
1,1,1,0.44965,0.56679,0.46146,0.44744,0.64881,0.4404,0.44558,0.42257,0.19405,0.77276,11
0,0,0,0.44122,0.27883,0.45763,0.7327,0.47044,0.87543,0.39932,0.54112,0.33949,0.38752,2
0,0,0,0.55246,0.50221,0.44206,0.59007,0.13618,0.53462,0.5966,0.31423,0.63347,0.4275,6
0,0,0,0.3815,0.57467,0.54339,0.67908,0.043962,0.46064,0.6381,0.4946,0.69405,0.46196,7
0,0,0,0.3445,0.48929,0.28152,0.79134,0.54977,0.78343,0.34728,0.60024,0.49418,0.37646,10
0,0,0,0.58244,0.52631,0.34329,0.61595,0.24507,0.63421,0.42891,0.43968,0.54928,0.33518,5
0,0,0,0.49696,0.56916,0.38642,0.49445,0.24204,0.43598,0.72619,0.253,0.52464,0.53349,6
0,0,0,0.47775,0.27788,0.34686,0.61278,0.43936,0.90104,0.45068,0.60024,0.36345,0.48537,2
0,0.071429,0,0.79508,0.27284,0.39306,0.28209,0.55887,0.50142,0.57177,0.52671,0.46988,0.45969,3
0,0.071429,0,0.75761,0.26197,0.39306,0.30613,0.52097,0.56434,0.56599,0.53151,0.44148,0.43401,3
0,0.071429,0,0.20796,0.65013,0.73303,0.42736,0.26049,0.40057,0.56327,0.46849,0.59685,0.75878,9
0,0.071429,0,0.58244,0.67297,0.49183,0.35182,0.29889,0.43756,0.49558,0.5081,0.6013,0.34135,5
0,0.071429,0,0.53068,0.47227,0.55513,0.30903,0.42446,0.69428,0.52755,0.35744,0.55921,0.36281,11
0,0.071429,0,0.75714,0.4436,0.25523,0.3468,0.53108,0.36548,0.50136,0.41717,0.52704,0.4223,4
0,0.071429,0,0.28712,0.77001,0.78382,0.26123,0.25821,0.20929,0.64116,0.65366,0.49555,0.75748,8
0,0.14286,0,0.82834,0.47023,0.36932,0.67221,0.31784,0.59184,0.46939,0.67197,0.42847,0.55267,4
0,0.14286,0,0.60585,0.46109,0.59495,0.9065,0.2716,0.2915,0.26701,0.79052,0.6191,0.77698,7
0,0.14286,0,0.3555,0.68384,0.56508,0.79979,0.056089,0.27853,0.52483,0.79232,0.67043,0.6632,8
0,0.14286,0,0.19321,0.55844,0.59469,0.77787,0.38226,0.33702,0.71667,0.35294,0.91958,0.67523,10
0,0.14286,0,0.89251,0.25047,0.15135,0.59139,0.47625,0.90863,0.52381,0.88836,0.37577,0.51788,2
0,0.14286,0,0.68782,0.46109,0.57708,0.86265,0.29207,0.36769,0.31701,0.72449,0.59343,0.64077,5
0,0.21429,0,0.84239,0.2459,0.32976,0.3056,0.47246,0.65982,0.61837,0.65756,0.61636,0.40865,2
0,0.21429,0,0.64918,0.32498,0.65569,0.43608,0.3623,0.45242,0.40272,0.59874,0.69336,0.57802,11
0,0.21429,0,0.47143,0.41698,0.73481,0.48389,0.23345,0.4717,0.37721,0.68637,0.74914,0.82737,9
0,0.21429,0,0.337,0.3431,0.58499,0.45589,0.41789,0.67847,0.50816,0.65756,0.73546,0.70969,10
0,0.21429,0,0.63888,0.32829,0.68198,0.44717,0.30571,0.4951,0.48503,0.57203,0.67967,0.60598,11
0,0.21429,0,0.73981,0.43431,0.51021,0.38299,0.5043,0.35062,0.48469,0.36885,0.65708,0.28609,4
0,0.21429,0,0.39368,0.40044,0.86524,0.87058,0.21425,0.26684,0.032653,0.58523,0.85079,0.88492,8
0,0.21429,0,0.76768,0.31537,0.3757,0.44348,0.58767,0.51091,0.5881,0.59994,0.39938,0.35273,3
0,0.21429,0,0.73419,0.42328,0.48571,0.42235,0.44896,0.42807,0.38469,0.48199,0.56126,0.31079,4
0,0.21429,0,0.46019,0.31285,0.7343,0.58875,0.19581,0.60386,0.5898,0.64526,0.53285,0.70384,9
0,0.21429,0,0.16159,0.42596,0.67611,0.52536,0.44871,0.68764,0.43469,0.63115,0.69952,0.513,10
0,0.21429,0,0.5637,0.36153,0.69959,0.45959,0.37216,0.5343,0.49388,0.59154,0.64066,0.53609,11
0,0.28571,1,0.42272,0.57924,0.89638,0.40069,0.25947,0.1644,0.55646,0.85054,0.44798,0.32802,7
0,0.28571,1,0.26698,0.63453,0.57555,0.30296,0.62734,0.48372,0.65238,0.53812,0.30527,0.26691,9
0,0.28571,1,0.48782,0.2448,0.87851,0.70602,0.72764,0.40247,0.23673,0.23289,0.39014,0.54616,2
0,0.28571,1,0.52108,0.5271,0.55539,0.35024,0.31556,0.40626,0.83435,0.41267,0.2423,0.51073,5
0,0.28571,1,0.5171,0.3839,0.51991,0.4588,0.5619,0.44578,0.66803,0.38295,0.15982,0.52666,6
0,0.35714,1,0.30679,0.59216,0.39229,0.55758,0.41865,0.62662,0.48571,0.86735,0.60198,0.15702,9
0,0.35714,1,0.54707,0.33743,0.44895,0.75225,0.62708,0.53177,0.39422,0.31813,0.18515,0.71034,3
0,0.35714,1,0.42553,0.28844,0.48851,0.82224,0.69101,0.78407,0.55986,0.44808,0.036277,0.47302,2
0,0.35714,1,0.076347,0.82561,0.3928,0.47068,0.60182,0.22605,0.66905,0.38415,0.55818,0.052666,10
0,0.42857,1,0.59766,0.18478,0.45942,0.55626,0.81051,0.59469,0.47211,0.44328,0.23477,0.65247,2
0,0.42857,1,0.72787,0.30388,0.42037,0.6878,0.63264,0.30699,0.35136,0.22329,0.41376,0.74187,3
0,0.42857,1,0.62014,0.64635,0.56253,0.27496,0.13492,0.3933,0.56395,0.66807,0.22827,0.43043,5
0,0.42857,1,0.33981,0.15028,0.57351,0.7084,0.97979,0.61998,0.60102,0.17107,0.38056,0.64857,1
0,0.42857,1,0.74965,0.54159,0.47499,0.47491,0.47676,0.12488,0.55782,0.30702,0.3306,0.5998,4
0,0.42857,1,0.58126,0.53214,0.50587,0.40861,0.40273,0.40816,0.57313,0.26591,0.1896,0.74935,6
0,0.42857,1,0.27518,0.53796,0.54416,0.21315,0.74886,0.47392,0.51837,0.54022,0.068789,0.61443,9
0,0.42857,1,0.73302,0.52253,0.50179,0.52483,0.42041,0.18653,0.50884,0.33944,0.27344,0.68433,4
0,0.5,1,0.28946,0.68368,0.50562,0.15372,0.41662,0.40152,0.64388,0.66987,0.10404,0.61248,7
0,0.5,1,0.24824,0.52662,0.48035,0.40148,0.64098,0.37623,0.42619,0.27371,0.37851,0.78576,11
0,0.5,1,0.32576,0.46928,0.34635,0.49102,0.41839,0.47455,0.62415,0.33553,0.39014,0.82185,6
0,0.5,1,0.30843,0.65911,0.3877,0.19493,0.5043,0.42839,0.72381,0.60054,0.033539,0.5855,7
0,0.5,1,0.24403,0.48409,0.47626,0.37876,0.71577,0.37875,0.40612,0.37335,0.436,0.61769,11
0,0.5,1,0.16347,0.87256,0.25778,0.084258,0.59171,0.5264,0.63912,0.59604,0.34634,0.52796,8
1,0.57143,0,0.95129,0.058286,0.12736,0.56735,0.52223,0.64559,0.81667,0.747,0.44935,0.39434,1
1,0.57143,0,0.61335,0.45542,0.70291,0.47253,0.34108,0.41827,0.45272,0.60804,0.75462,0.41515,6
1,0.57143,0,0.80258,0.031506,0.21082,0.72187,0.61041,0.67626,0.83707,0.78031,0.43361,0.37679,1
1,0.57143,0,0.30984,0.68667,0.74604,0.40967,0.15184,0.24787,0.3517,0.71369,0.7269,0.86346,8
1,0.57143,0,0.11569,0.33129,0.85248,0.89514,0.39944,0.48182,0.37517,0.2608,0.33436,0.95091,10
1,0.57143,0,0.49251,0.34657,0.53548,0.43793,0.42092,0.52229,0.44592,0.63355,0.68446,0.64467,11
1,0.57143,0,0.54379,0.42407,0.73915,0.53328,0.28019,0.57793,0.52449,0.54352,0.54278,0.44018,6
1,0.57143,0,0.12365,0.32246,0.86141,0.98019,0.3954,0.38919,0.38639,0.30132,0.26489,0.9249,10
1,0.64286,0,0.76347,0.46597,0.36958,0.52694,0.2428,0.37338,0.63503,0.35564,0.48426,0.34818,4
1,0.64286,0,0.4637,0.67376,0.33844,0.28896,0.33123,0.53936,0.62857,0.59124,0.35866,0.3186,7
1,0.64286,0,0.76885,0.44928,0.3803,0.54966,0.21223,0.38476,0.60748,0.38986,0.49487,0.33908,4
1,0.64286,0,0.10726,0.7396,0.58652,0.54543,0.28878,0.72052,0.30102,0.55192,0.59411,0.44018,10
1,0.64286,0,0.4822,0.70101,0.23328,0.31828,0.41486,0.49289,0.62755,0.58373,0.25359,0.35566,7
1,0.64286,0,0.10047,0.72448,0.61664,0.54728,0.30672,0.58426,0.51156,0.35714,0.71732,0.48049,10
1,0.64286,0,0.59016,0.53324,0.36243,0.41812,0.37342,0.40057,0.51701,0.58463,0.38159,0.45124,6
1,0.64286,0,0.4733,0.68919,0.21133,0.32409,0.42724,0.52608,0.61531,0.53872,0.25873,0.37841,7
1,0.71429,0,0.30843,0.21912,0.53088,0.89329,0.54826,0.86216,0.66259,0.35954,0.40281,0.21619,1
1,0.71429,0,0.60796,0.38737,0.33818,0.47649,0.65336,0.37338,0.62415,0.52491,0.33984,0.44636,3
1,0.71429,0,0.35948,0.17155,0.49107,1,0.56165,0.85046,0.62585,0.47689,0.4295,0.15442,1
1,0.71429,0,0.26417,0.56537,0.53905,0.50951,0.53259,0.1976,0.46429,0.70438,0.68446,0.60078,9
1,0.78571,0,0.28899,0.78103,0.31776,0.27602,0.48257,0.4521,0.78095,0.56813,0.57563,0.46489,8
1,0.78571,0,0.46112,0.48456,0.51174,0.55679,0.64452,0.37085,0.5619,0.46969,0.48186,0.19701,11
1,0.78571,0,0.52787,0.29458,0.44181,0.60724,0.68393,0.52861,0.70748,0.39886,0.47262,0.35793,2
1,0.78571,0,0.27237,0.7919,0.34125,0.31696,0.40349,0.53968,0.67415,0.60294,0.50719,0.59135,8
1,0.85714,1,0.42061,0.11594,0.69627,0.91046,0.69454,0.589,0.28435,0.18998,0.40897,0.80007,1
1,0.85714,1,0.56136,0.43935,0.6123,0.52985,0.52906,0.17262,0.37143,0.42197,0.50548,0.76138,3
1,0.85714,1,0.41475,0.70526,0.45661,0.14501,0.40045,0.73949,0.83639,0.52821,0.48939,0.2474,8
1,0.85714,1,0.66674,0.79033,0.27922,0.27681,0.44795,0.58173,0.59354,0.27521,0.19405,0.78088,5
1,0.85714,1,0.62857,0.05482,0.48903,0.7982,0.69606,0.65286,0.28912,0.14556,0.43087,0.74935,1
1,0.92857,1,0.52436,0.38201,0.55998,0.79715,0.35447,0.30319,0.4932,0.14766,0.56571,0.89402,3
1,0.92857,1,0.53513,0.62177,0.31776,0.47676,0.27741,0.75371,0.5398,0.21038,0.43874,0.7396,5
1,0.92857,1,0.26417,0.54616,0.50919,0.55573,0.60081,0.39804,0.33299,0.35114,0.37064,0.6684,9
1,0.92857,1,0.52623,0.38248,0.53956,0.77126,0.3901,0.31236,0.51871,0.10324,0.53354,0.92328,3
1,0.92857,1,0.41335,0.58507,0.54033,0.61675,0.58641,0.30888,0.48946,0.22089,0.24778,0.86638,11
1,0.92857,1,0.10703,0.41005,0.91297,0.83835,0.59222,0.20171,0.2568,0.34184,0.55989,0.8225,1
1,0.92857,1,0.38431,0.73787,0.23252,0.52087,0.5379,0.50427,0.61973,0.2482,0.069815,0.73667,7
1,1,1,0.48993,0.69455,0.26059,0.27919,0.53158,0.50206,0.57143,0.31873,0.42334,0.78056,5
1,1,1,0.28899,0.6695,0.71363,0.30375,0.54396,0.52229,0.41497,0.53571,0.32136,0.33192,9
1,1,1,0.35176,0.46298,0.66998,0.78183,0.78373,0.55612,0.3881,0.31783,0.15708,0.78544,2
1,1,1,0.51358,0.67549,0.25549,0.34443,0.5043,0.55801,0.59966,0.2491,0.36208,0.74057,5
1,1,1,0.54028,0.63248,0.34814,0.37586,0.55533,0.47107,0.5949,0.2518,0.2731,0.79064,6
1,1,1,0.34379,0.77237,0.41169,0.1635,0.45856,0.82042,0.75374,0.55762,0.37372,0.38849,8
1,1,1,0.4007,0.21141,0.7708,0.86767,0.62911,0.43566,0.18878,0.18667,0.20773,0.9041,1
1,1,1,0.56581,0.50898,0.31343,0.58082,0.46817,0.28897,0.48401,0.38956,0.44627,0.91743,4
